"id","nome","curso","periodo","nota_p1","nota_p2","frequencia","horas_estudo","modalidade","cidade","status"
1,"Ingrid Teixeira","Medicina",3,5.8,6.6,77,3,"Presencial","Anapolis","Ativo"
2,"Wagner Moura","Fisioterapia",3,7.8,7.1,65,11,"Hibrido","Goiania","Ativo"
3,"Wanda Mendes","Fisioterapia",5,6,6.9,82,9,"Presencial","Goiania","Ativo"
4,"Thiago Fernandes","Fisioterapia",6,4.7,6.3,79,6,"Presencial","Aparecida de Goiania","Ativo"
5,"Julia Farias","Fisioterapia",2,6.2,9,78,4,"Hibrido","Anapolis","Ativo"
6,"Natalia Farias","Medicina",2,7.4,6.8,71,4,"Presencial","Brasilia","Ativo"
7,"Kevin Barbosa","ADS",10,3.9,5.2,100,7,"Presencial","Rio Verde","Ativo"
8,"Hugo Andrade","Enfermagem",9,7.5,7.3,77,8,"Online","Brasilia","Ativo"
9,"Bruno Alves","Enfermagem",10,8.7,5.3,100,7,"Presencial","Goiania","Ativo"
10,"Patricia Cruz","ADS",5,5.8,,70,3,"Online","Goiania","Formado"
11,"Xavier Azevedo","Fisioterapia",5,7.4,7.9,51,3,"Presencial","Anapolis","Ativo"
12,"Mateus Alves","Medicina",7,10,8.5,71,7,"Online","Aparecida de Goiania","Ativo"
13,"Gustavo Lima","Enfermagem",7,5.5,7.2,79,2,"Online","Aparecida de Goiania","Cancelado"
14,"Beatriz Ribeiro","Fisioterapia",6,7.5,10,66,8,"Presencial","Anapolis","Ativo"
15,"Breno Gomes","Medicina",2,6.3,6.1,73,10,"Presencial","Goiania","Ativo"
16,"Marina Machado","Fisioterapia",4,6,8.4,64,3,"Presencial","Rio Verde","Formado"
17,"Ingrid Andrade","ADS",7,2.8,5.9,76,5,"Online","Goiania","Formado"
18,"Alice Lopes","Enfermagem",9,6,6.4,63,5,"Presencial","Goiania","Concluinte"
19,"Vanessa Nascimento","ADS",3,6.3,8.5,81,4,"Presencial","Aparecida de Goiania","Trancado"
20,"Nadia Almeida","Fisioterapia",1,7.8,7.4,92,5,"Hibrido","Goiania","Ativo"
21,"Breno Pires","Fisioterapia",8,5.2,7.1,84,4,"Presencial","Aparecida de Goiania","Ativo"
22,"Marcelo Vieira","ADS",2,3.7,4.1,79,5,"Online","Anapolis","Trancado"
23,"Breno Ribeiro","Medicina",8,7,6.9,97,8,"Presencial","Goiania","Transferido"
24,"Wagner Carvalho","Fisioterapia",5,5,4.3,77,8,"Presencial","Goiania","Transferido"
25,"Marcelo Moura","Enfermagem",4,6.4,5.7,76,11,"Presencial","Aparecida de Goiania","Ativo"
26,"Kevin Dias","Medicina",10,6.3,6.5,64,2,"Online","Anapolis","Ativo"
27,"Julia Barbosa","Fisioterapia",10,6.6,6.4,84,7,"Online","Anapolis","Trancado"
28,"Xavier Lopes","Enfermagem",2,4.6,7.6,91,6,"Hibrido","Goiania","Ativo"
29,"Camila Lopes","Enfermagem",3,7.8,10,68,3,"Hibrido","Brasilia","Ativo"
30,"Marcelo Mendes","ADS",3,6.5,9,98,10,"Online","Anapolis","Trancado"
31,"Diego Farias","Medicina",6,7.5,7.3,70,3,"Presencial","Brasilia","Ativo"
32,"Henrique Oliveira","Enfermagem",2,9,10,68,7,"Presencial","Brasilia","Ativo"
33,"Olivia Martins","Fisioterapia",6,7.5,9.5,92,6,"Presencial","Goiania","Ativo"
34,"Ricardo Ferreira","ADS",4,3.4,8.9,73,2,"Presencial","Anapolis","Ativo"
35,"Henrique Ribeiro","Fisioterapia",1,9.1,5.8,98,5,"Presencial","Anapolis","Ativo"
36,"Julio Pereira","Enfermagem",6,6.9,6.4,91,7,"Presencial","Brasilia","Ativo"
37,"Marcelo Barbosa","Medicina",1,3.4,3.6,52,6,"Presencial","Brasilia","Ativo"
38,"Ingrid Pereira","ADS",3,4.8,5.8,74,1,"Presencial","Brasilia","Ativo"
39,"Tiago Rodrigues","Medicina",4,7.3,7.5,69,8,"Online","Anapolis","Transferido"
40,"Xavier Cruz","ADS",5,3.6,5.5,68,6,"Presencial","Brasilia","Ativo"
41,"Mateus Farias","Enfermagem",9,7.6,6.1,81,2,"Hibrido","Brasilia","Concluinte"
42,"Gabriela Farias","Medicina",9,4.7,4.4,73,8,"Online","Anapolis","Ativo"
43,"Carla Tavares","Enfermagem",5,7.8,9.6,40,7,"Presencial","Goiania","Ativo"
44,"Karina Ribeiro","Fisioterapia",5,7.7,7.9,83,4,"Hibrido","Brasilia","Ativo"
45,"Vitor Lopes","Medicina",3,5.1,5.1,90,6,"Presencial","Goiania","Concluinte"
46,"Livia Souza","Medicina",9,9,5.9,79,11,"Presencial","Anapolis","Ativo"
47,"Gabriela Souza","Fisioterapia",1,3.7,6.5,84,4,"Presencial","Anapolis","Trancado"
48,"Sandra Barbosa","Fisioterapia",6,5.3,5.4,72,5,"Presencial","Brasilia","Afastado"
49,"Julia Alves","ADS",9,6.5,8.4,70,7,"Online","Rio Verde","Ativo"
50,"Isabela Pereira","Enfermagem",5,6.2,8.4,89,7,"Presencial","Goiania","Ativo"
51,"Renato Araujo","Fisioterapia",6,6.9,8.4,86,3,"Hibrido","Anapolis","Formado"
52,"Mateus Antunes","Enfermagem",9,8,7.2,85,5,"Online","Goiania",""
53,"Carla Gomes","Enfermagem",1,5.2,9.1,51,6,"Online","Goiania","Ativo"
54,"Olivia Costa","Medicina",4,4.2,6.4,89,7,"Hibrido","Anapolis","Ativo"
55,"Larissa Campos","Enfermagem",1,7.2,6.1,80,5,"Presencial","Brasilia","Transferido"
56,"Ingrid Martins","ADS",6,7.5,8.3,97,6,"Presencial","Goiania","Ativo"
57,"Kevin Andrade","Medicina",5,6,9.1,83,6,"Presencial","Anapolis","Ativo"
58,"Bruno Lopes","Enfermagem",3,3.2,8.7,80,1,"Online","Anapolis","Ativo"
59,"Xavier Oliveira","ADS",1,7,7.8,100,1,"Presencial","Goiania","Trancado"
60,"Caio Monteiro","Fisioterapia",5,3.7,8,100,6,"Presencial","Goiania","Formado"
61,"Sandra Azevedo","Fisioterapia",1,5.2,5.8,85,5,"Presencial","Anapolis","Ativo"
62,"Mateus Tavares","Enfermagem",3,6,6.5,77,3,"Presencial","Aparecida de Goiania","Ativo"
63,"Paula Cruz","Medicina",2,3.7,5.5,67,9,"Online","Goiania","Transferido"
64,"Igor Fernandes","Fisioterapia",10,9.6,3,77,1,"Presencial","Brasilia","Ativo"
65,"Nadia Antunes","Enfermagem",9,6.5,10,95,7,"Online","Anapolis","Cancelado"
66,"Beatriz Rocha","Enfermagem",2,6.8,8,83,5,"Hibrido","Brasilia","Ativo"
67,"Fabio Azevedo","Medicina",1,8.9,4.3,67,6,"Online","Anapolis","Concluinte"
68,"Vanessa Santos","Medicina",7,5.1,3.6,85,5,"Online","Rio Verde","Ativo"
69,"Mateus Antunes","ADS",3,6.6,6.4,85,6,"Online","Anapolis","Ativo"
70,"Vitor Ferreira","ADS",1,8.9,7.8,77,3,"Hibrido","Anapolis","Trancado"
71,"Paula Oliveira","ADS",8,7.7,6.6,87,7,"Presencial","Anapolis","Ativo"
72,"Gustavo Teixeira","ADS",9,7.8,6.1,93,1,"Presencial","Brasilia","Formado"
73,"Eduardo Rodrigues","ADS",10,4.7,7.5,86,5,"Hibrido","Anapolis","Trancado"
74,"Helena Castro","Enfermagem",1,6,6.5,74,7,"Hibrido","Anapolis","Ativo"
75,"Marina Ramos","ADS",4,6.2,7.8,93,9,"Hibrido","Anapolis","Ativo"
76,"Bruno Campos","Medicina",10,10,4,76,6,"Presencial","Aparecida de Goiania","Ativo"
77,"Camila Vieira","Fisioterapia",7,9.4,5.4,97,1,"Hibrido","Goiania","Transferido"
78,"Yasmin Tavares","ADS",1,7.8,10,83,6,"Presencial","Anapolis","Ativo"
79,"Yasmin Pinto","Fisioterapia",8,3.5,6.5,100,7,"Presencial","Anapolis","Jubilado"
80,"Marcelo Araujo","Medicina",5,4.7,3.5,84,7,"Presencial","Goiania","Ativo"
81,"Bruno Moreira","Medicina",3,5,6.4,71,3,"Hibrido","Aparecida de Goiania","Cancelado"
82,"Eduarda Silva","Fisioterapia",2,5.5,10,58,2,"Presencial","Anapolis","Ativo"
83,"Sandra Monteiro","Enfermagem",9,7.7,7.8,94,8,"Presencial","Aparecida de Goiania","Afastado"
84,"Marina Pires","ADS",7,6.9,7,70,9,"Presencial","Aparecida de Goiania","Trancado"
85,"Paula Martins","Fisioterapia",10,3,7.1,81,8,"Hibrido","Anapolis","Ativo"
86,"Ursula Ramos","Enfermagem",6,6.5,8,81,4,"Online","Anapolis","Ativo"
87,"Eduardo Tavares","Fisioterapia",8,7.8,6.3,78,4,"Presencial","Rio Verde","Trancado"
88,"Bruno Andrade","Fisioterapia",7,9.5,7,60,1,"Online","Goiania","Ativo"
89,"Joao Castro","Fisioterapia",8,6.6,4.5,78,2,"Presencial","Goiania","Trancado"
90,"Xavier Farias","Enfermagem",3,7.8,7.1,85,6,"Presencial","Aparecida de Goiania","Afastado"
91,"Bruno Pereira","ADS",9,7,4.6,86,3,"Hibrido","Brasilia","Ativo"
92,"Olivia Oliveira","Enfermagem",8,8.8,6.7,84,2,"Online","Brasilia","Ativo"
93,"Daniel Melo","Medicina",6,6.4,5.5,67,3,"Hibrido","Anapolis","Ativo"
94,"Beatriz Moura","Enfermagem",10,6.8,6.5,88,2,"Online","Goiania","Ativo"
95,"Nadia Antunes","Enfermagem",2,7.7,10,72,5,"Online","Brasilia","Ativo"
96,"Beatriz Campos","ADS",3,6.7,7,100,6,"Presencial","Goiania","Formado"
97,"Marcelo Castro","ADS",8,9,8.8,96,6,"Hibrido","Goiania","Ativo"
98,"Pedro Batista","ADS",8,5,5.3,100,6,"Presencial","Brasilia","Ativo"
99,"Giovana Souza","Fisioterapia",9,8,7.6,82,6,"Online","Brasilia","Formado"
100,"Fernanda Cardoso","Medicina",2,5.4,6.2,52,1,"Online","Goiania","Ativo"
101,"Livia Reis","Enfermagem",8,6.4,6.8,89,1,"Presencial","Anapolis","Ativo"
102,"Camila Machado","ADS",2,6.8,7.6,71,6,"Online","Goiania","Ativo"
103,"Livia Nascimento","ADS",1,4.8,7.4,88,8,"Presencial","Goiania","Ativo"
104,"Wagner Gomes","Medicina",4,5.4,9.9,82,2,"Online","Anapolis","Formado"
105,"Ursula Silva","Medicina",3,6.3,7.2,88,8,"Presencial","Aparecida de Goiania","Ativo"
106,"Vitor Azevedo","ADS",6,8,4.8,94,3,"Presencial","Rio Verde","Ativo"
107,"Carla Dias","Medicina",2,10,7,77,1,"Presencial","Anapolis","Formado"
108,"Julia Tavares","Medicina",10,8,8,83,6,"Online","Aparecida de Goiania","Ativo"
109,"Rafael Ferreira","Medicina",4,9.4,8.2,73,7,"Hibrido","Goiania","Ativo"
110,"Fernanda Azevedo","Enfermagem",5,8,8.2,56,2,"Presencial","Goiania",""
111,"Xavier Moreira","ADS",5,3.8,7.2,86,6,"Presencial","Brasilia","Jubilado"
112,"Sofia Moura","ADS",5,6.9,6.7,88,4,"Hibrido","Aparecida de Goiania","Trancado"
113,"Rafael Araujo","Fisioterapia",6,8.1,6.5,69,5,"Hibrido","Anapolis","Ativo"
114,"Nadia Campos","Fisioterapia",8,4.7,6.8,80,5,"Online","Aparecida de Goiania","Ativo"
115,"Eduardo Oliveira","Fisioterapia",9,8.6,7.7,65,6,"Online","Goiania","Ativo"
116,"Vanessa Rocha","ADS",4,8.1,6.6,63,7,"Hibrido","Goiania","Ativo"
117,"Rafael Rodrigues","Medicina",5,8.3,8,60,1,"Presencial","Brasilia","Ativo"
118,"Ricardo Rocha","ADS",7,6.2,7.8,82,5,"Hibrido","Anapolis","Ativo"
119,"Vitor Mendes","Fisioterapia",6,6.6,5.5,86,1,"Presencial","Anapolis","Transferido"
120,"Eduardo Moura","ADS",7,7.8,5.1,88,4,"Hibrido","Aparecida de Goiania","Transferido"
121,"Ricardo Barbosa","Fisioterapia",2,7.1,7.8,100,5,"Hibrido","Anapolis","Trancado"
122,"Diego Carvalho","Fisioterapia",6,8.9,5.2,65,4,"Hibrido","Anapolis","Ativo"
123,"Diego Martins","Enfermagem",10,3.9,4.9,76,3,"Hibrido","Anapolis","Ativo"
124,"Eduarda Martins","ADS",9,6.8,10,68,5,"Online","Anapolis","Concluinte"
125,"Igor Pereira","ADS",10,4.3,5,93,8,"Presencial","Brasilia","Ativo"
126,"Patricia Almeida","Enfermagem",10,7.5,5.5,91,4,"Hibrido","Goiania","Trancado"
127,"Julio Tavares","ADS",7,4.8,7.2,97,9,"Hibrido","Anapolis","Ativo"
128,"Julio Pires","Medicina",1,5.8,7.8,100,5,"Hibrido","Aparecida de Goiania","Ativo"
129,"Denise Ferreira","Medicina",9,7.8,5.8,99,2,"Online","Brasilia","Ativo"
130,"Eduarda Silva","Fisioterapia",8,4.8,7.3,95,8,"Presencial","Anapolis","Ativo"
131,"Wanda Martins","Enfermagem",10,6.1,6.4,53,3,"Hibrido","Rio Verde","Ativo"
132,"Tiago Barbosa","Enfermagem",5,5.3,3.5,100,6,"Hibrido","Goiania","Ativo"
133,"Tiago Mendes","Fisioterapia",9,7.2,5.4,75,11,"Presencial","Brasilia","Ativo"
134,"Paula Andrade","Medicina",10,7.1,3.7,77,6,"Presencial","Rio Verde","Ativo"
135,"Xavier Lima","Enfermagem",4,5.9,9.9,67,4,"Hibrido","Goiania","Ativo"
136,"Vitor Gomes","Medicina",5,,8.1,74,4,"Presencial","Goiania","Jubilado"
137,"Nicolas Campos","Enfermagem",4,8.2,5.9,77,7,"Presencial","Goiania","Jubilado"
138,"Caio Vieira","Medicina",8,3.5,7.2,97,11,"Hibrido","Brasilia","Formado"
139,"Joao Teixeira","Medicina",2,8.4,6.4,100,10,"Online","Goiania","Jubilado"
140,"Olivia Cardoso","Medicina",7,7.3,4.5,55,5,"Presencial","Aparecida de Goiania","Ativo"
141,"Vanessa Barbosa","Medicina",4,6.6,8.9,92,6,"Online","Anapolis","Ativo"
142,"Julia Costa","Fisioterapia",3,7.6,7.8,66,4,"Online","Aparecida de Goiania","Ativo"
143,"Elena Alves","Fisioterapia",7,4.1,8.4,83,8,"Presencial","Rio Verde","Trancado"
144,"Henrique Cunha","ADS",5,6.2,10,86,1,"Presencial","Anapolis","Concluinte"
145,"Livia Tavares","Enfermagem",8,4.4,3.5,82,4,"Hibrido","Goiania","Ativo"
146,"Ingrid Monteiro","Enfermagem",4,3.6,6.8,87,6,"Presencial","Anapolis","Ativo"
147,"Ingrid Alves","ADS",4,15,6.9,86,9,"Online","Goiania","Cancelado"
148,"Elena Azevedo","Fisioterapia",9,5.2,7.2,84,9,"Hibrido","Rio Verde","Ativo"
149,"Wanda Azevedo","ADS",7,9.9,4.4,92,10,"Online","Aparecida de Goiania","Trancado"
150,"Ingrid Freitas","ADS",1,5.1,,86,5,"Presencial","Goiania","Ativo"
151,"Giovana Rodrigues","Fisioterapia",6,6.4,7.2,61,8,"Presencial","Goiania","Ativo"
152,"Fernanda Mendes","Medicina",4,7.2,4.6,71,7,"Presencial","Anapolis","Ativo"
153,"Joao Moura","Medicina",6,5.5,7.9,86,7,"Online","Anapolis","Ativo"
154,"Ricardo Fernandes","Medicina",10,5,6,68,10,"Hibrido","Brasilia","Ativo"
155,"Vanessa Nascimento","ADS",9,6.8,5.2,90,6,"Presencial","Anapolis","Ativo"
156,"Kevin Azevedo","ADS",5,6.4,6.9,88,2,"Online","Aparecida de Goiania","Ativo"
157,"Paula Carvalho","Fisioterapia",9,8.7,6.4,84,3,"Online","Anapolis","Concluinte"
158,"Wanda Costa","Fisioterapia",9,8.5,5,97,5,"Hibrido","Aparecida de Goiania","Trancado"
159,"Bruno Tavares","Enfermagem",8,8.2,6.6,73,3,"Presencial","Anapolis","Ativo"
160,"Ricardo Lima","Medicina",1,7.3,6.4,92,5,"Hibrido","Goiania","Ativo"
161,"Vanessa Vieira","Medicina",1,7.9,9.2,85,7,"Online","Anapolis","Ativo"
162,"Mateus Dias","Enfermagem",3,7,7.7,99,4,"Presencial","Brasilia","Ativo"
163,"Diego Cardoso","Fisioterapia",8,6.3,8,100,6,"Online","Goiania","Transferido"
164,"Mateus Gomes","Medicina",10,5.6,6.9,82,4,"Presencial","Rio Verde","Ativo"
165,"Alice Lima","Medicina",4,8.1,4.8,71,4,"Online","Anapolis","Ativo"
166,"Caio Antunes","Enfermagem",3,3.7,9.1,67,2,"Presencial","Goiania","Ativo"
167,"Livia Souza","Fisioterapia",4,5.6,7.1,61,9,"Hibrido","Brasilia","Jubilado"
168,"Felipe Ribeiro","Medicina",2,10,7.3,90,6,"Online","Anapolis","Formado"
169,"Breno Farias","ADS",4,10,7.5,89,4,"Presencial","Brasilia","Ativo"
170,"Rafael Pires","Medicina",8,6.7,6.2,84,11,"Online","Anapolis","Ativo"
171,"Mateus Santos","Enfermagem",5,6,6.4,70,8,"Hibrido","Goiania","Afastado"
172,"Ingrid Monteiro","Enfermagem",3,8.4,7.5,65,10,"Online","Anapolis","Ativo"
173,"Felipe Azevedo","ADS",10,7,7.2,50,4,"Hibrido","Anapolis","Ativo"
174,"Otavia Moreira","ADS",8,8,6.5,74,7,"Hibrido","Goiania","Transferido"
175,"Wagner Tavares","Medicina",6,6.2,3.2,65,3,"Online","Goiania","Cancelado"
176,"Pedro Pires","Fisioterapia",1,10,6.6,102,7,"Presencial","Anapolis","Ativo"
177,"Otavio Farias","Fisioterapia",1,4.5,6.4,79,8,"Hibrido","Anapolis","Ativo"
178,"Felipe Ribeiro","Medicina",5,9.3,6.2,73,5,"Hibrido","Aparecida de Goiania","Ativo"
179,"Ingrid Cruz","Fisioterapia",7,10,7,100,7,"Presencial","Brasilia","Ativo"
180,"Bruno Rodrigues","Medicina",9,4.7,7.8,86,4,"Presencial","Rio Verde","Ativo"
181,"Denise Cruz","Medicina",4,10,9,62,2,"Online","Anapolis","Ativo"
182,"Helena Alves","Fisioterapia",5,8.1,7.4,85,6,"Hibrido","Anapolis","Transferido"
183,"Ingrid Andrade","Medicina",6,1.9,8.1,100,7,"Online","Goiania","Jubilado"
184,"Isabela Teixeira","ADS",2,7.8,6.9,87,9,"Presencial","Goiania","Formado"
185,"Daniel Moreira","ADS",10,7.6,6.8,56,4,"Presencial","Brasilia","Ativo"
186,"Isabela Batista","ADS",9,5.7,7.3,100,10,"Online","Goiania","Trancado"
187,"Sofia Batista","Enfermagem",4,9.3,5.5,87,1,"Presencial","Goiania","Ativo"
188,"Olivia Campos","Medicina",8,8.3,5.8,53,8,"Presencial","Anapolis","Formado"
189,"Karina Oliveira","Enfermagem",7,9.1,8.1,69,4,"Presencial","Brasilia","Ativo"
190,"Karina Azevedo","Enfermagem",6,4.7,6.3,72,2,"Presencial","Anapolis","Ativo"
191,"Carla Lopes","ADS",3,3.6,4.1,76,6,"Presencial","Goiania","Transferido"
192,"Wagner Pinto","Fisioterapia",9,9.2,5.3,75,11,"Presencial","Goiania","Ativo"
193,"Fernanda Campos","ADS",4,7.9,6.5,74,4,"Online","Brasilia","Transferido"
194,"Otavio Tavares","Fisioterapia",7,8,6.9,98,8,"Presencial","Aparecida de Goiania","Formado"
195,"Carla Nunes","Medicina",10,5.6,5.5,67,4,"Presencial","Goiania","Ativo"
196,"Ana Dias","Fisioterapia",4,6,6.7,77,4,"Presencial","Anapolis","Ativo"
197,"Wagner Costa","ADS",2,7.1,6.6,72,1,"Hibrido","Anapolis","Ativo"
198,"Otavia Rodrigues","Medicina",10,6.2,5.2,65,5,"Hibrido","Goiania","Ativo"
199,"Tiago Rodrigues","Fisioterapia",1,8.1,5.7,92,3,"Online","Anapolis","Afastado"
200,"Marina Lopes","Enfermagem",9,6,6.1,99,9,"Hibrido","Anapolis","Ativo"
201,"Joao Nascimento","ADS",10,10,8.3,89,8,"Presencial","Anapolis","Trancado"
202,"Julio Melo","Medicina",6,6.6,7.5,100,2,"Online","Anapolis","Ativo"
203,"Gustavo Nascimento","Medicina",4,6.7,7,97,2,"Presencial","Anapolis","Ativo"
204,"Renato Cunha","Medicina",6,7.2,10,73,3,"Presencial","Goiania","Ativo"
205,"Camila Barbosa","Fisioterapia",9,4,2.2,93,3,"Presencial","Brasilia","Ativo"
206,"Breno Vieira","ADS",5,6.4,5.7,81,5,"Presencial","Anapolis","Ativo"
207,"Thiago Rocha","Medicina",2,6.7,10,100,3,"Presencial","Anapolis","Formado"
208,"Patricia Alves","Enfermagem",4,7.8,6.8,82,2,"Presencial","Anapolis","Ativo"
209,"Carla Freitas","Fisioterapia",4,6.1,7.9,83,2,"Presencial","Goiania","Jubilado"
210,"Denise Rodrigues","ADS",4,6.1,3.7,83,3,"Hibrido","Aparecida de Goiania","Jubilado"
211,"Giovana Cruz","ADS",5,8.6,7.4,65,8,"Hibrido","Anapolis","Transferido"
212,"Marcelo Fernandes","Enfermagem",7,6.9,4.9,100,7,"Presencial","Aparecida de Goiania","Ativo"
213,"Thiago Castro","Fisioterapia",7,8.1,5.4,76,9,"Hibrido","Goiania","Ativo"
214,"Patricia Lopes","Enfermagem",10,7.8,6.7,87,5,"Presencial","Brasilia","Ativo"
215,"Helena Pinto","Fisioterapia",4,6.9,5.2,93,2,"Presencial","Anapolis","Formado"
216,"Joao Pires","Medicina",3,10,5,91,10,"Online","Anapolis","Ativo"
217,"Camila Cunha","ADS",8,5.4,8,99,3,"Online","Anapolis","Trancado"
218,"Pedro Machado","Enfermagem",3,7.5,8.2,71,6,"Presencial","Aparecida de Goiania","Jubilado"
219,"Carla Cruz","Medicina",3,5.8,6.7,85,4,"Hibrido","Brasilia","Ativo"
220,"Ursula Rodrigues","ADS",1,5.9,2.7,95,2,"Presencial","Aparecida de Goiania","Jubilado"
221,"Felipe Oliveira","Fisioterapia",5,4.9,5.8,94,6,"Presencial","Anapolis","Cancelado"
222,"Patricia Nascimento","Enfermagem",8,10,5.1,66,4,"Hibrido","Anapolis","Jubilado"
223,"Otavia Machado","Enfermagem",2,4.5,4.6,99,9,"Presencial","Anapolis","Transferido"
224,"Igor Castro","Fisioterapia",7,8.6,3.6,76,3,"Hibrido","Goiania","Ativo"
225,"Julio Moreira","Enfermagem",5,4.1,6.4,66,9,"Hibrido","Anapolis","Concluinte"
226,"Marcelo Monteiro","ADS",8,7.4,5.1,91,6,"Online","Goiania","Afastado"
227,"Diego Cunha","Fisioterapia",7,6.4,5.7,76,3,"Online","Aparecida de Goiania","Ativo"
228,"Larissa Ramos","Enfermagem",9,6.4,4.7,73,12,"Presencial","Anapolis","Ativo"
229,"Eduarda Campos","Fisioterapia",10,7.9,6.1,100,7,"Hibrido","Aparecida de Goiania","Ativo"
230,"Renato Cruz","ADS",8,4.9,10,93,6,"Presencial","Goiania","Trancado"
231,"Igor Vieira","Enfermagem",7,5,8.5,77,4,"Online","Brasilia","Ativo"
232,"Carla Dias","Fisioterapia",8,7.4,5.8,78,5,"Presencial","Anapolis","Ativo"
233,"Camila Martins","Enfermagem",6,6.7,4.8,66,13,"Online","Anapolis","Ativo"
234,"Giovana Dias","Fisioterapia",8,8.6,6.7,67,8,"Online","Goiania","Trancado"
235,"Kevin Cardoso","Enfermagem",1,2,8.1,54,1,"Online","Aparecida de Goiania","Concluinte"
236,"Kevin Melo","Fisioterapia",10,3.4,5.2,76,7,"Presencial","Anapolis","Ativo"
237,"Mateus Campos","ADS",4,8.6,5,89,5,"Presencial","Goiania","Cancelado"
238,"Yasmin Costa","Enfermagem",2,15,4.9,67,5,"Online","Goiania","Formado"
239,"Isabela Antunes","Medicina",1,7.2,10,76,1,"Online","Goiania","Ativo"
240,"Camila Rocha","ADS",1,6.4,4.6,83,6,"Presencial","Aparecida de Goiania","Ativo"
241,"Helena Antunes","Medicina",7,6.4,7.9,100,5,"Presencial","Goiania","Ativo"
242,"Elena Araujo","Medicina",1,5.9,9.6,85,4,"Presencial","Brasilia","Ativo"
243,"Patricia Nunes","Fisioterapia",10,5.5,9.3,91,7,"Presencial","Goiania","Ativo"
244,"Xavier Vieira","Enfermagem",10,6,7,78,6,"Online","Brasilia","Cancelado"
245,"Camila Pires","Fisioterapia",7,7.3,8.1,97,1,"Presencial","Goiania","Ativo"
246,"Caio Reis","Medicina",6,6.2,9.7,86,4,"Online","Brasilia","Ativo"
247,"Wanda Castro","Fisioterapia",9,5.7,6.2,96,3,"Presencial","Anapolis","Ativo"
248,"Julia Andrade","Enfermagem",6,9.3,8.1,80,4,"Presencial","Goiania","Ativo"
249,"Vitor Pereira","ADS",4,7.4,7.6,84,4,"Presencial","Goiania","Ativo"
250,"Hugo Rodrigues","Enfermagem",5,6.5,7.6,100,3,"Presencial","Anapolis","Ativo"
251,"Ricardo Cunha","ADS",5,7.9,6.8,80,2,"Online","Aparecida de Goiania","Formado"
252,"Giovana Cruz","Enfermagem",10,8.1,9.2,68,4,"Presencial","Brasilia","Trancado"
253,"Denise Azevedo","Fisioterapia",3,6,4,75,1,"Presencial","Aparecida de Goiania","Ativo"
254,"Pedro Rocha","ADS",7,5.8,6.7,75,5,"Online","Goiania","Trancado"
255,"Breno Dias","Enfermagem",7,8.1,5.4,82,3,"Online","Goiania","Cancelado"
256,"Julia Moura","Fisioterapia",4,5.8,3.6,75,5,"Presencial","Goiania","Ativo"
257,"Renato Pereira","Medicina",6,6.6,8.4,68,6,"Presencial","Rio Verde","Ativo"
258,"Elena Nunes","Fisioterapia",6,7.7,5.8,71,6,"Hibrido","Goiania","Trancado"
259,"Eduardo Carvalho","ADS",2,8.1,6.7,82,3,"Online","Aparecida de Goiania","Ativo"
260,"Karina Souza","Medicina",7,5.1,8.3,83,2,"Presencial","Brasilia","Ativo"
261,"Olivia Martins","Fisioterapia",10,5.4,5.9,81,8,"Hibrido","Anapolis","Trancado"
262,"Helena Ribeiro","ADS",8,6.9,8.3,91,5,"Online","Goiania","Trancado"
263,"Yasmin Monteiro","Medicina",2,8.1,3.2,83,4,"Online","Goiania","Formado"
264,"Fernanda Pereira","ADS",4,6.3,8,62,3,"Hibrido","Goiania","Afastado"
265,"Yasmin Moreira","Enfermagem",6,3.9,7.4,91,4,"Online","Goiania","Jubilado"
266,"Gustavo Moura","Fisioterapia",4,7.7,9.4,62,12,"Online","Brasilia","Formado"
267,"Diego Campos","Enfermagem",3,4.7,8.4,81,5,"Hibrido","Brasilia","Trancado"
268,"Gustavo Araujo","ADS",9,8.4,6.1,83,6,"Presencial","Rio Verde","Formado"
269,"Marcelo Cruz","ADS",4,3.7,8.4,83,4,"Hibrido","Goiania","Ativo"
270,"Carla Cunha","Enfermagem",4,7.5,5.4,74,5,"Presencial","Goiania","Ativo"
271,"Sofia Antunes","Enfermagem",4,8.4,7.7,92,6,"Presencial","Brasilia","Transferido"
272,"Fernanda Moreira","Medicina",7,5.5,7.7,67,6,"Online","Aparecida de Goiania","Transferido"
273,"Ana Costa","Medicina",6,7.1,6.4,98,10,"Online","Aparecida de Goiania","Formado"
274,"Wanda Andrade","ADS",9,4.5,5,83,3,"Hibrido","Anapolis","Ativo"
275,"Ana Lima","Enfermagem",5,7.7,8.3,52,7,"Online","Rio Verde","Ativo"
276,"Caio Barbosa","Fisioterapia",2,6.5,10,82,6,"Hibrido","Rio Verde","Ativo"
277,"Julia Pinto","Medicina",1,6.6,7.5,69,8,"Presencial","Goiania","Formado"
278,"Ricardo Cruz","Enfermagem",4,6.7,4.8,87,7,"Online","Anapolis","Ativo"
279,"Fabio Pinto","Enfermagem",2,6.9,5.4,76,5,"Hibrido","Anapolis","Ativo"
280,"Bruno Rocha","Medicina",1,6.1,7.3,77,8,"Presencial","Goiania","Ativo"
281,"Livia Gomes","Medicina",4,6.5,4,88,9,"Hibrido","Goiania","Ativo"
282,"Caio Oliveira","Fisioterapia",4,4.6,6.6,92,4,"Online","Anapolis","Ativo"
283,"Vitor Ramos","Fisioterapia",5,8.9,5.3,82,5,"Presencial","Goiania","Ativo"
284,"Sandra Cardoso","Enfermagem",4,7.4,8.8,78,6,"Hibrido","Aparecida de Goiania","Concluinte"
285,"Fernanda Carvalho","Enfermagem",9,6.1,6.9,60,6,"Presencial","Goiania","Ativo"
286,"Eduarda Silva","ADS",6,5.4,4.5,67,10,"Presencial","Anapolis","Trancado"
287,"Natalia Fernandes","Medicina",8,8.9,5.7,95,7,"Presencial","Anapolis","Ativo"
288,"Julio Oliveira","Enfermagem",5,7.2,7.1,87,4,"Presencial","Goiania","Ativo"
289,"Ricardo Gomes","Fisioterapia",2,7.6,7.3,79,4,"Presencial","Goiania","Ativo"
290,"Marcelo Barbosa","Medicina",6,7.7,10,96,6,"Presencial","Anapolis","Ativo"
291,"Olivia Lopes","Medicina",7,7.4,7.6,64,1,"Hibrido","Anapolis","Trancado"
292,"Julia Farias","Enfermagem",3,6.5,7.3,86,3,"Online","Aparecida de Goiania","Ativo"
293,"Eduarda Almeida","ADS",8,6.1,4.6,93,8,"Online","Brasilia","Trancado"
294,"Ricardo Fernandes","Enfermagem",6,7.4,6.3,87,2,"Presencial","Brasilia","Ativo"
295,"Renato Pinto","Fisioterapia",5,5.7,5.3,56,6,"Presencial","Anapolis","Cancelado"
296,"Fabio Farias","Enfermagem",8,6.2,5.9,68,8,"Hibrido","Brasilia","Ativo"
297,"Vanessa Reis","Fisioterapia",10,3.9,4.8,74,5,"Presencial","Anapolis","Cancelado"
298,"Lucas Araujo","Fisioterapia",6,6.1,8.8,68,1,"Presencial","Goiania","Transferido"
299,"Paula Alves","Medicina",9,8,8,92,1,"Hibrido","Anapolis","Ativo"
300,"Livia Souza","Medicina",4,8.5,7.2,86,10,"Hibrido","Anapolis","Trancado"
301,"Sandra Moreira","Medicina",9,7.4,8,70,8,"Hibrido","Anapolis","Ativo"
302,"Elena Lima","Enfermagem",3,6.7,8.3,82,6,"Presencial","Rio Verde","Transferido"
303,"Otavio Ribeiro","Enfermagem",2,10,7.6,78,3,"Online","Anapolis","Ativo"
304,"Otavio Castro","Fisioterapia",1,5.5,7.9,79,2,"Presencial","Goiania","Ativo"
305,"Julia Ribeiro","ADS",8,5,6.8,91,5,"Online","Goiania","Ativo"
306,"Rafael Lopes","Medicina",1,4.7,8.1,72,2,"Presencial","Goiania","Ativo"
307,"Gustavo Cunha","Medicina",2,5.3,3.1,86,4,"Presencial","Aparecida de Goiania","Ativo"
308,"Camila Rodrigues","Enfermagem",4,8.2,3.5,86,1,"Presencial","Brasilia","Jubilado"
309,"Lucas Ramos","ADS",10,4.5,9.3,79,10,"Presencial","Anapolis","Ativo"
310,"Sandra Carvalho","Medicina",3,9.4,7.7,88,3,"Hibrido","Brasilia","Ativo"
311,"Karina Cardoso","ADS",7,4.3,3.6,74,6,"Presencial","Goiania","Ativo"
312,"Ana Moura","Enfermagem",6,10,3.4,83,5,"Hibrido","Anapolis","Ativo"
313,"Fabio Araujo","ADS",4,7.8,7.4,80,3,"Presencial","Brasilia","Concluinte"
314,"Isabela Araujo","Fisioterapia",10,6.5,7.9,79,6,"Presencial","Brasilia","Ativo"
315,"Ana Andrade","Enfermagem",10,6,5.2,66,6,"Presencial","Anapolis","Jubilado"
316,"Xavier Oliveira","Medicina",6,9.6,7.8,98,4,"Online","Aparecida de Goiania","Ativo"
317,"Patricia Lopes","Enfermagem",2,7.5,6.8,42,10,"Presencial","Brasilia","Ativo"
318,"Wagner Alves","Enfermagem",6,7.8,7.6,100,5,"Presencial","Anapolis","Transferido"
319,"Ingrid Silva","Fisioterapia",2,8.4,7.7,77,6,"Online","Rio Verde","Afastado"
320,"Patricia Carvalho","Medicina",6,7.8,8.1,90,8,"Hibrido","Anapolis","Formado"
321,"Joao Oliveira","ADS",4,10,10,90,1,"Online","Rio Verde","Ativo"
322,"Ingrid Rocha","Fisioterapia",5,6.8,7.2,89,1,"Hibrido","Goiania",""
323,"Daniel Vieira","Enfermagem",1,6,7.7,76,11,"Presencial","Brasilia","Ativo"
324,"Hugo Vieira","Medicina",2,5.4,8.7,87,6,"Hibrido","Anapolis","Ativo"
325,"Otavio Tavares","ADS",9,6.6,6.5,80,5,"Presencial","Aparecida de Goiania","Ativo"
326,"Paula Oliveira","ADS",9,4.4,7.1,100,10,"Hibrido","Aparecida de Goiania","Transferido"
327,"Camila Fernandes","ADS",2,8.3,7.1,87,4,"Presencial","Goiania","Ativo"
328,"Denise Ramos","Enfermagem",4,5.8,6.1,65,4,"Presencial","Anapolis","Formado"
329,"Marina Mendes","Fisioterapia",1,5.8,7.2,76,4,"Hibrido","Anapolis","Ativo"
330,"Sofia Nunes","Medicina",5,8.5,9.1,92,3,"Online","Anapolis","Trancado"
331,"Igor Barbosa","Enfermagem",6,6.9,4.3,80,4,"Presencial","Brasilia","Trancado"
332,"Wagner Castro","ADS",8,6.4,5.9,90,4,"Online","Rio Verde","Ativo"
333,"Xavier Martins","Enfermagem",10,7.6,5.5,79,4,"Hibrido","Goiania","Ativo"
334,"Wagner Lima","ADS",7,6.8,9.9,93,11,"Hibrido","Anapolis","Ativo"
335,"Tiago Moura","Medicina",5,8.1,6.2,73,12,"Presencial","Rio Verde","Ativo"
336,"Nicolas Melo","Medicina",4,4.9,3.4,79,3,"Presencial","Anapolis","Cancelado"
337,"Xavier Araujo","Fisioterapia",3,8.7,5.1,83,6,"Presencial","Goiania","Concluinte"
338,"Vitor Cunha","ADS",6,9.4,5.9,71,2,"Online","Aparecida de Goiania","Ativo"
339,"Isabela Pereira","Medicina",5,2.5,7.1,100,14,"Hibrido","Aparecida de Goiania","Transferido"
340,"Patricia Reis","Medicina",8,9,7.3,70,6,"Presencial","Goiania","Ativo"
341,"Hugo Antunes","Medicina",7,8.2,5.7,74,3,"Online","Goiania","Formado"
342,"Marcelo Reis","ADS",10,7.1,4.6,85,7,"Online","Rio Verde","Formado"
343,"Breno Teixeira","Fisioterapia",7,7.8,7.1,69,2,"Presencial","Goiania","Ativo"
344,"Nicolas Reis","ADS",5,5,3.8,80,1,"Presencial","Anapolis","Concluinte"
345,"Natalia Fernandes","Enfermagem",2,6,5.2,82,5,"Hibrido","Goiania","Ativo"
346,"Sandra Silva","ADS",7,6.2,7.4,64,6,"Presencial","Goiania","Ativo"
347,"Ricardo Ferreira","Enfermagem",1,6.6,8.6,99,8,"Online","Anapolis","Ativo"
348,"Xavier Nascimento","Enfermagem",6,10,7.1,79,1,"Online","Goiania","Concluinte"
349,"Daniel Santos","Fisioterapia",7,9.3,7,79,11,"Hibrido","Anapolis","Ativo"
350,"Camila Souza","Enfermagem",8,6.9,7.9,69,3,"Hibrido","Anapolis","Ativo"
351,"Elena Rocha","Fisioterapia",10,6.7,7.4,102,4,"Hibrido","Anapolis","Ativo"
352,"Julia Fernandes","Medicina",6,8.9,6.6,91,2,"Presencial","Rio Verde","Transferido"
353,"Igor Melo","Enfermagem",7,10,3.7,52,3,"Online","Brasilia","Ativo"
354,"Xavier Reis","Medicina",9,5.2,8.3,74,5,"Presencial","Brasilia","Ativo"
355,"Isabela Carvalho","ADS",10,6.9,7.6,73,9,"Presencial","Aparecida de Goiania","Ativo"
356,"Yasmin Batista","ADS",2,10,3.9,92,9,"Hibrido","Anapolis","Ativo"
357,"Henrique Moura","Fisioterapia",1,5.4,6.1,70,1,"Online","Anapolis","Cancelado"
358,"Eduarda Moura","Enfermagem",2,10,7.1,63,5,"Hibrido","Brasilia","Trancado"
359,"Renato Ramos","Fisioterapia",6,9.4,8.6,78,3,"Online","Brasilia","Ativo"
360,"Eduarda Reis","ADS",7,7.4,6.2,66,5,"Online","Anapolis","Ativo"
361,"Olivia Andrade","ADS",1,5.9,6.9,100,7,"Presencial","Brasilia","Ativo"
362,"Bruno Melo","Enfermagem",2,5.2,9.7,81,9,"Hibrido","Goiania","Ativo"
363,"Eduardo Castro","Fisioterapia",10,7,8.8,86,8,"Presencial","Brasilia","Ativo"
364,"Gustavo Rodrigues","Medicina",2,7.9,5.9,100,5,"Online","Goiania","Concluinte"
365,"Hugo Ribeiro","Fisioterapia",2,7.9,6.4,67,7,"Presencial","Brasilia","Formado"
366,"Denise Reis","Fisioterapia",1,5.9,7.5,100,6,"Presencial","Anapolis","Transferido"
367,"Ursula Nunes","Enfermagem",5,7.5,6.4,90,1,"Online","Rio Verde","Ativo"
368,"Sandra Almeida","Fisioterapia",5,4.9,4.4,92,5,"Online","Goiania","Trancado"
369,"Ingrid Dias","Medicina",2,7.8,6.1,39,3,"Online","Goiania","Ativo"
370,"Ricardo Farias","Medicina",6,7.6,8.1,76,5,"Online","Goiania","Ativo"
371,"Nadia Vieira","Medicina",7,7.3,7.3,69,1,"Hibrido","Aparecida de Goiania","Jubilado"
372,"Joao Rodrigues","Medicina",1,6.2,5.5,100,3,"Presencial","Anapolis","Ativo"
373,"Caio Moreira","ADS",3,4,7,80,6,"Presencial","Anapolis","Ativo"
374,"Hugo Cardoso","Enfermagem",8,6.7,4.6,78,9,"Hibrido","Anapolis","Ativo"
375,"Ursula Monteiro","Medicina",7,6.8,8.4,84,4,"Presencial","Goiania","Cancelado"
376,"Lucas Melo","Medicina",7,5.6,6.3,66,6,"Online","Anapolis","Ativo"
377,"Patricia Ramos","Medicina",2,6.6,8.9,93,4,"Presencial","Goiania","Ativo"
378,"Vanessa Rocha","Fisioterapia",3,8,5.3,89,7,"Hibrido","Anapolis","Ativo"
379,"Julia Silva","Medicina",5,9.2,8,81,9,"Online","Goiania","Ativo"
380,"Joao Oliveira","Enfermagem",1,7.1,4.3,70,2,"Presencial","Goiania","Trancado"
381,"Denise Cunha","Enfermagem",6,7.7,6.1,84,3,"Hibrido","Brasilia","Ativo"
382,"Marina Batista","ADS",2,8.4,8.6,59,11,"Online","Anapolis","Ativo"
383,"Igor Machado","Fisioterapia",1,6.8,6.6,73,9,"Hibrido","Goiania","Ativo"
384,"Ricardo Ribeiro","Fisioterapia",4,6.5,6.1,63,4,"Online","Brasilia","Ativo"
385,"Henrique Lopes","ADS",9,9.9,6,76,9,"Online","Anapolis","Concluinte"
386,"Olivia Costa","Fisioterapia",8,8.3,5.2,84,6,"Hibrido","Brasilia","Formado"
387,"Marcelo Melo","Fisioterapia",2,9.4,9.7,79,4,"Online","Aparecida de Goiania","Ativo"
388,"Paula Alves","Fisioterapia",3,6,5.3,94,11,"Presencial","Goiania","Trancado"
389,"Yasmin Araujo","Fisioterapia",3,7.4,10,72,8,"Online","Goiania","Transferido"
390,"Joao Freitas","ADS",5,8.3,6.3,87,1,"Online","Anapolis","Ativo"
391,"Hugo Campos","Fisioterapia",4,2.4,9.5,66,7,"Presencial","Aparecida de Goiania","Ativo"
392,"Vanessa Rodrigues","ADS",6,8.5,5.9,86,6,"Hibrido","Aparecida de Goiania","Ativo"
393,"Natalia Oliveira","Medicina",7,6.7,5.2,91,3,"Presencial","Anapolis","Ativo"
394,"Julia Pinto","Enfermagem",8,4.6,8.5,64,7,"Online","Rio Verde","Jubilado"
395,"Gustavo Nunes","Medicina",9,6.7,8.1,87,7,"Hibrido","Anapolis","Formado"
396,"Sandra Azevedo","Medicina",9,7.4,6.3,90,4,"Presencial","Goiania","Transferido"
397,"Otavia Oliveira","ADS",10,8.1,5.5,65,5,"Presencial","Brasilia","Ativo"
398,"Renato Fernandes","Fisioterapia",8,9.5,7.9,73,4,"Online","Goiania","Ativo"
399,"Bruno Silva","ADS",5,3.7,7.5,100,5,"Presencial","Goiania","Trancado"
400,"Denise Tavares","Medicina",8,6.6,9.1,83,6,"Presencial","Goiania","Formado"
401,"Julia Farias","Medicina",3,10,9.3,100,3,"Online","Goiania","Ativo"
402,"Livia Batista","Medicina",5,5.5,7.2,73,3,"Presencial","Brasilia","Ativo"
403,"Marina Silva","Enfermagem",3,6.8,4.4,76,7,"Online","Brasilia","Ativo"
404,"Fernanda Ferreira","Medicina",1,5.2,8.2,76,2,"Hibrido","Goiania","Ativo"
405,"Alice Nunes","Enfermagem",2,7.2,8,59,1,"Online","Anapolis","Formado"
406,"Joao Batista","ADS",4,5.9,7.8,97,3,"Presencial","Goiania","Ativo"
407,"Otavio Pereira","Medicina",4,7.2,7.6,60,9,"Presencial","Aparecida de Goiania","Transferido"
408,"Ana Dias","Fisioterapia",4,7.1,7.9,72,6,"Hibrido","Anapolis","Ativo"
409,"Isabela Monteiro","Enfermagem",2,10,5.7,67,2,"Presencial","Goiania","Afastado"
410,"Xavier Nunes","Medicina",6,7.8,8.1,72,5,"Online","Goiania",""
411,"Ana Andrade","Enfermagem",10,3.4,8.4,92,2,"Presencial","Anapolis","Trancado"
412,"Daniel Rocha","ADS",8,6.1,6.7,85,5,"Presencial","Aparecida de Goiania","Ativo"
413,"Renato Nascimento","Fisioterapia",6,6.3,8.9,91,2,"Presencial","Brasilia","Transferido"
414,"Marcelo Melo","ADS",6,4.3,4.3,95,1,"Hibrido","Anapolis","Ativo"
415,"Sandra Ferreira","Fisioterapia",7,6.8,5.7,79,8,"Presencial","Aparecida de Goiania","Trancado"
416,"Olivia Cruz","ADS",8,10,9.4,100,8,"Online","Brasilia","Formado"
417,"Giovana Oliveira","Enfermagem",1,4,5,85,4,"Hibrido","Brasilia","Transferido"
418,"Ana Souza","Medicina",6,5.6,4.5,68,6,"Presencial","Rio Verde","Transferido"
419,"Fernanda Ramos","Enfermagem",3,7.8,7.2,88,1,"Presencial","Anapolis","Ativo"
420,"Isabela Moreira","Enfermagem",5,5.5,7.8,82,7,"Presencial","Anapolis","Ativo"
421,"Ana Costa","Fisioterapia",9,6.6,6.9,66,5,"Online","Brasilia","Ativo"
422,"Rafael Cunha","Fisioterapia",1,9.2,8.3,83,1,"Hibrido","Anapolis","Ativo"
423,"Daniel Pinto","ADS",6,8.8,6.1,46,10,"Presencial","Aparecida de Goiania","Ativo"
424,"Caio Nunes","Fisioterapia",9,5.6,8,87,8,"Hibrido","Anapolis","Jubilado"
425,"Sofia Lopes","ADS",2,4.3,7.9,71,3,"Presencial","Goiania","Formado"
426,"Paula Pereira","Fisioterapia",10,7.9,7.4,94,11,"Hibrido","Rio Verde","Ativo"
427,"Mateus Rocha","ADS",4,7.2,6.2,89,6,"Presencial","Goiania","Ativo"
428,"Marina Martins","Enfermagem",3,9.8,8.7,74,5,"Presencial","Anapolis","Ativo"
429,"Ursula Cruz","Medicina",4,9.1,8.3,95,8,"Presencial","Rio Verde","Cancelado"
430,"Eduarda Araujo","Fisioterapia",10,7.2,9.7,92,1,"Presencial","Goiania","Ativo"
431,"Felipe Almeida","Fisioterapia",5,10,5.5,92,8,"Presencial","Brasilia","Jubilado"
432,"Pedro Rodrigues","Enfermagem",2,6.3,9.4,100,3,"Presencial","Brasilia","Ativo"
433,"Sandra Lopes","Enfermagem",5,8.9,6.9,94,5,"Hibrido","Brasilia","Ativo"
434,"Elena Barbosa","ADS",5,10,4.3,74,6,"Presencial","Aparecida de Goiania","Ativo"
435,"Marcelo Alves","ADS",4,9.5,7.4,85,4,"Hibrido","Goiania","Ativo"
436,"Mateus Pereira","Enfermagem",3,5.4,8.4,91,7,"Presencial","Brasilia","Ativo"
437,"Mateus Pires","Medicina",4,6.1,6.1,65,1,"Hibrido","Brasilia","Cancelado"
438,"Vanessa Oliveira","ADS",7,5.3,8.8,90,4,"Hibrido","Anapolis","Ativo"
439,"Wanda Cruz","Enfermagem",7,4.8,5.6,65,3,"Presencial","Brasilia","Ativo"
440,"Gabriela Reis","Enfermagem",3,7.4,5.3,64,5,"Hibrido","Anapolis","Ativo"
441,"Sofia Martins","Medicina",1,7.3,3.7,82,7,"Online","Aparecida de Goiania","Ativo"
442,"Wanda Batista","ADS",1,9.3,8.6,78,8,"Online","Anapolis","Ativo"
443,"Karina Pereira","Enfermagem",8,7.3,7,76,8,"Presencial","Brasilia","Formado"
444,"Fabio Machado","ADS",7,7.9,6.4,59,6,"Presencial","Anapolis","Ativo"
445,"Otavio Pinto","Medicina",7,9.8,3.3,60,8,"Presencial","Anapolis","Ativo"
446,"Ingrid Fernandes","Enfermagem",4,3.7,8,71,7,"Presencial","Rio Verde","Ativo"
447,"Otavio Pinto","Enfermagem",9,4.4,8.4,80,5,"Presencial","Anapolis","Cancelado"
448,"Paula Pinto","Fisioterapia",7,3.9,6.6,80,7,"Hibrido","Brasilia","Ativo"
449,"Marina Lima","Enfermagem",4,5.1,10,73,7,"Presencial","Anapolis","Transferido"
450,"Mateus Pires","Fisioterapia",7,7.2,6.6,79,5,"Presencial","Brasilia","Trancado"
451,"Julia Ferreira","Fisioterapia",3,4.2,5.9,79,2,"Online","Goiania","Ativo"
452,"Diego Barbosa","ADS",2,5.9,7.3,54,10,"Presencial","Anapolis","Afastado"
453,"Carla Vieira","ADS",2,5.8,6.3,89,5,"Online","Anapolis","Ativo"
454,"Ana Castro","Fisioterapia",5,5.2,6.9,100,3,"Online","Brasilia","Formado"
455,"Livia Lopes","Enfermagem",7,9.1,7.1,83,8,"Presencial","Brasilia","Ativo"
456,"Vanessa Teixeira","Medicina",4,6.5,5.7,83,5,"Hibrido","Anapolis","Ativo"
457,"Yasmin Barbosa","Medicina",5,7.5,9.3,62,4,"Online","Brasilia","Trancado"
458,"Elena Pires","Medicina",2,4.6,8.9,81,12,"Online","Aparecida de Goiania","Ativo"
459,"Nicolas Antunes","Fisioterapia",5,7.6,8.1,76,4,"Hibrido","Goiania","Ativo"
460,"Kevin Tavares","ADS",5,8.8,5.1,79,9,"Presencial","Anapolis","Ativo"
461,"Olivia Alves","Medicina",3,3.5,6.7,94,9,"Online","Goiania","Ativo"
462,"Vitor Azevedo","Medicina",2,,9.2,93,4,"Presencial","Goiania","Ativo"
463,"Marcelo Dias","Fisioterapia",7,8.2,5.6,76,8,"Hibrido","Brasilia","Ativo"
464,"Ana Ramos","ADS",8,,8.7,73,7,"Online","Anapolis","Ativo"
465,"Paula Machado","Medicina",2,6.7,7.4,71,3,"Hibrido","Brasilia","Trancado"
466,"Paula Pereira","ADS",8,5.5,7.7,67,3,"Online","Aparecida de Goiania","Formado"
467,"Eduarda Castro","Enfermagem",7,7.6,8.7,62,4,"Presencial","Goiania","Jubilado"
468,"Marcelo Alves","Enfermagem",10,4.3,9.3,82,5,"Hibrido","Anapolis","Trancado"
469,"Livia Nunes","Medicina",10,4.9,6.9,100,6,"Online","Goiania","Concluinte"
470,"Sandra Ramos","Medicina",1,1.9,10,87,1,"Hibrido","Anapolis","Ativo"
471,"Sofia Ferreira","Enfermagem",3,9.4,5.5,79,4,"Online","Goiania","Ativo"
472,"Breno Mendes","Enfermagem",5,10,7.3,95,9,"Hibrido","Aparecida de Goiania","Ativo"
473,"Sofia Andrade","ADS",10,6.1,8.5,86,6,"Presencial","Goiania","Formado"
474,"Henrique Farias","ADS",3,5.6,6.6,98,4,"Presencial","Anapolis","Ativo"
475,"Pedro Almeida","Fisioterapia",5,8.3,6.9,78,8,"Online","Goiania","Ativo"
476,"Vitor Ramos","Enfermagem",8,8,6.3,79,5,"Online","Aparecida de Goiania","Ativo"
477,"Renato Fernandes","ADS",1,7.9,7.6,94,4,"Hibrido","Brasilia","Ativo"
478,"Otavio Campos","Enfermagem",4,7.1,4.4,72,7,"Online","Goiania","Formado"
479,"Mateus Carvalho","Enfermagem",7,10,7.1,70,8,"Online","Goiania","Ativo"
480,"Ana Almeida","Fisioterapia",1,4.8,5.2,78,6,"Presencial","Anapolis","Transferido"
481,"Thiago Alves","Fisioterapia",5,5.3,6,83,1,"Online","Brasilia","Trancado"
482,"Igor Campos","ADS",3,2.6,7.9,89,16,"Hibrido","Goiania","Ativo"
483,"Julio Souza","Medicina",4,7.4,3.8,68,6,"Hibrido","Brasilia","Cancelado"
484,"Felipe Nascimento","Enfermagem",3,6.5,5,97,8,"Presencial","Anapolis","Ativo"
485,"Helena Monteiro","ADS",1,8.5,5,71,7,"Online","Goiania","Ativo"
486,"Joao Alves","ADS",7,5.6,4.9,67,7,"Presencial","Goiania","Ativo"
487,"Wanda Silva","Fisioterapia",10,5.9,5.9,59,3,"Presencial","Brasilia","Cancelado"
488,"Carla Cunha","Fisioterapia",10,7.9,8.4,64,8,"Presencial","Aparecida de Goiania","Ativo"
489,"Ursula Cunha","Fisioterapia",7,6.5,6.5,95,8,"Online","Anapolis","Formado"
490,"Elena Fernandes","Enfermagem",2,3.6,5,69,6,"Hibrido","Anapolis","Transferido"
491,"Caio Reis","Fisioterapia",8,9.1,8.3,79,8,"Presencial","Goiania","Ativo"
492,"Patricia Lopes","Medicina",8,5.5,5.3,87,9,"Online","Aparecida de Goiania","Afastado"
493,"Elena Andrade","Fisioterapia",1,7.1,8.1,89,3,"Presencial","Aparecida de Goiania","Ativo"
494,"Tiago Fernandes","Enfermagem",8,2.1,5.6,65,4,"Hibrido","Brasilia","Concluinte"
495,"Igor Pires","Medicina",2,8.9,6.1,100,8,"Presencial","Rio Verde","Ativo"
496,"Ingrid Dias","Enfermagem",3,10,6.8,100,3,"Online","Goiania","Ativo"
497,"Julia Pereira","ADS",5,3.5,7.7,100,6,"Presencial","Anapolis","Ativo"
498,"Daniel Pinto","ADS",3,7.7,6.3,63,8,"Presencial","Aparecida de Goiania","Ativo"
499,"Joao Nascimento","ADS",1,9.6,6.5,68,6,"Online","Goiania","Ativo"
500,"Camila Oliveira","ADS",7,3.1,8.3,77,7,"Presencial","Brasilia","Trancado"
501,"Eduarda Martins","Medicina",9,10,7.3,69,1,"Presencial","Aparecida de Goiania","Cancelado"
502,"Mateus Antunes","Fisioterapia",7,8.6,6.3,63,6,"Online","Anapolis","Transferido"
503,"Julia Martins","Fisioterapia",7,5.9,6.3,76,4,"Presencial","Goiania","Transferido"
504,"Lucas Reis","Fisioterapia",10,8.4,6.8,100,3,"Hibrido","Anapolis","Formado"
505,"Vitor Monteiro","ADS",2,,6.6,76,3,"Hibrido","Anapolis","Trancado"
506,"Otavia Santos","Medicina",4,7.9,8.4,77,2,"Hibrido","Anapolis","Cancelado"
507,"Camila Ferreira","Fisioterapia",3,6.7,5.1,84,2,"Presencial","Goiania","Ativo"
508,"Ana Farias","Enfermagem",4,10,7.9,75,6,"Presencial","Aparecida de Goiania","Ativo"
509,"Yasmin Moreira","Medicina",1,2.8,6.5,72,4,"Presencial","Anapolis","Ativo"
510,"Nicolas Vieira","Fisioterapia",5,9.2,5.7,72,10,"Online","Goiania","Formado"
511,"Sandra Castro","Fisioterapia",6,8.7,5.7,81,11,"Presencial","Anapolis","Ativo"
512,"Breno Carvalho","Enfermagem",5,8.1,7.2,99,5,"Online","Goiania","Ativo"
513,"Caio Costa","Medicina",6,6.9,5.3,61,6,"Hibrido","Aparecida de Goiania","Ativo"
514,"Fernanda Carvalho","Enfermagem",9,9.1,9,93,1,"Hibrido","Brasilia","Trancado"
515,"Larissa Castro","Medicina",5,4.7,6,70,4,"Hibrido","Anapolis","Ativo"
516,"Kevin Pereira","Enfermagem",7,5.6,5,83,5,"Presencial","Anapolis","Transferido"
517,"Isabela Freitas","Medicina",7,8,9.2,98,2,"Hibrido","Aparecida de Goiania","Trancado"
518,"Helena Cruz","Fisioterapia",8,1.2,7.2,83,9,"Presencial","Aparecida de Goiania","Trancado"
519,"Rafael Almeida","Medicina",8,8.1,10,95,7,"Hibrido","Anapolis","Ativo"
520,"Sofia Azevedo","Enfermagem",1,6.5,8,56,8,"Presencial","Goiania","Afastado"
521,"Wagner Pereira","Medicina",7,5.8,9.2,70,7,"Online","Anapolis","Ativo"
522,"Giovana Castro","Fisioterapia",7,8.9,7.3,83,6,"Hibrido","Brasilia","Afastado"
523,"Thiago Santos","Enfermagem",6,9.9,7.4,80,1,"Presencial","Aparecida de Goiania","Ativo"
524,"Gustavo Souza","Enfermagem",4,7.3,10,90,12,"Online","Aparecida de Goiania","Ativo"
525,"Tiago Martins","ADS",5,8.4,5.3,75,11,"Presencial","Anapolis","Ativo"
526,"Eduardo Ferreira","Fisioterapia",8,4.4,4.7,62,5,"Hibrido","Rio Verde","Transferido"
527,"Julio Nunes","ADS",5,7.7,8.4,100,5,"Online","Goiania","Ativo"
528,"Kevin Araujo","Enfermagem",1,8.2,6.6,92,7,"Online","Goiania","Ativo"
529,"Karina Monteiro","Enfermagem",2,7.1,6.7,84,9,"Online","Brasilia","Ativo"
530,"Wagner Mendes","Medicina",10,9.1,8.6,76,6,"Online","Brasilia","Ativo"
531,"Marcelo Moura","Fisioterapia",10,7.8,7.7,100,6,"Presencial","Rio Verde","Ativo"
532,"Wagner Pires","Enfermagem",10,4.5,9.2,74,4,"Hibrido","Brasilia","Trancado"
533,"Thiago Nascimento","Fisioterapia",5,5.3,10,78,1,"Presencial","Anapolis","Ativo"
534,"Bruno Cardoso","ADS",10,6.6,8.5,78,9,"Presencial","Anapolis","Jubilado"
535,"Wanda Tavares","Medicina",7,5.7,5.9,100,10,"Presencial","Goiania","Ativo"
536,"Alice Melo","ADS",9,4.1,8,67,6,"Presencial","Anapolis",""
537,"Alice Vieira","Enfermagem",8,7.1,6.7,75,1,"Presencial","Rio Verde","Ativo"
538,"Henrique Fernandes","Fisioterapia",1,9.3,5.2,82,3,"Presencial","Rio Verde","Ativo"
539,"Elena Freitas","ADS",5,6.8,4.4,93,1,"Presencial","Brasilia","Jubilado"
540,"Wagner Ramos","Enfermagem",8,8,4.6,68,4,"Presencial","Aparecida de Goiania","Ativo"
541,"Larissa Tavares","Fisioterapia",3,3.9,7.1,54,2,"Hibrido","Goiania","Transferido"
542,"Vanessa Ramos","ADS",9,5.3,7.9,57,8,"Online","Rio Verde","Trancado"
543,"Eduardo Carvalho","Medicina",7,6.3,6.2,61,11,"Hibrido","Brasilia","Ativo"
544,"Elena Andrade","ADS",6,6.8,6.6,81,3,"Hibrido","Anapolis","Formado"
545,"Denise Cunha","Medicina",7,6.4,6.4,64,4,"Online","Brasilia","Cancelado"
546,"Vanessa Andrade","Enfermagem",10,6.4,,72,8,"Hibrido","Goiania","Ativo"
547,"Gustavo Silva","ADS",7,8.4,5.4,85,1,"Presencial","Rio Verde","Ativo"
548,"Tiago Oliveira","ADS",5,9,7.1,77,7,"Online","Goiania","Jubilado"
549,"Ingrid Freitas","ADS",1,7.9,8.7,100,6,"Online","Anapolis","Transferido"
550,"Mateus Lima","ADS",7,5.8,6.6,62,7,"Presencial","Goiania","Ativo"
551,"Marina Reis","Medicina",9,7.8,4.9,74,8,"Hibrido","Brasilia","Transferido"
552,"Vitor Tavares","Fisioterapia",3,5.7,,87,2,"Online","Anapolis","Ativo"
553,"Rafael Moura","Fisioterapia",1,7.6,6.8,63,6,"Presencial","Goiania","Ativo"
554,"Nadia Melo","Medicina",7,5.5,6.6,68,3,"Hibrido","Goiania","Ativo"
555,"Felipe Ribeiro","Medicina",8,7.1,7.8,89,7,"Presencial","Anapolis","Trancado"
556,"Thiago Mendes","ADS",7,4.6,8.5,83,9,"Presencial","Rio Verde","Ativo"
557,"Olivia Melo","Fisioterapia",2,4.8,6.5,66,7,"Presencial","Goiania","Ativo"
558,"Nicolas Freitas","Medicina",4,7.4,6.3,94,4,"Presencial","Goiania","Ativo"
559,"Xavier Ramos","ADS",7,6.4,4,77,4,"Hibrido","Anapolis","Formado"
560,"Felipe Pires","Fisioterapia",7,5.4,4.1,87,3,"Online","Anapolis","Ativo"
561,"Marcelo Antunes","Enfermagem",4,7.2,9.2,79,7,"Online","Brasilia","Ativo"
562,"Alice Monteiro","ADS",2,6.9,9.8,93,2,"Hibrido","Anapolis","Ativo"
563,"Caio Cunha","ADS",6,5.9,4.4,86,6,"Hibrido","Anapolis","Ativo"
564,"Fabio Ferreira","ADS",2,2.4,5.7,81,5,"Online","Brasilia","Ativo"
565,"Patricia Silva","Medicina",5,3.4,3.9,72,4,"Hibrido","Goiania","Ativo"
566,"Olivia Rodrigues","Medicina",2,6.3,8,76,5,"Presencial","Goiania","Ativo"
567,"Marina Farias","Enfermagem",1,7.1,8.4,98,6,"Presencial","Anapolis","Trancado"
568,"Beatriz Moura","Enfermagem",8,6.6,6.1,71,10,"Hibrido","Anapolis","Ativo"
569,"Sofia Machado","ADS",6,9.1,6.1,89,7,"Online","Anapolis","Ativo"
570,"Denise Reis","ADS",3,7.6,10,46,9,"Online","Aparecida de Goiania","Transferido"
571,"Henrique Castro","Enfermagem",6,5.4,6.3,93,5,"Online","Aparecida de Goiania","Trancado"
572,"Breno Costa","ADS",5,9.8,6.2,35,3,"Online","Goiania","Transferido"
573,"Ricardo Azevedo","Enfermagem",8,7.7,6.1,78,5,"Presencial","Aparecida de Goiania","Ativo"
574,"Ana Carvalho","Fisioterapia",9,6.1,6.5,100,6,"Online","Brasilia",""
575,"Lucas Cardoso","Enfermagem",3,6.8,5.6,66,3,"Presencial","Anapolis","Ativo"
576,"Nicolas Nascimento","Medicina",4,9.5,8.6,100,8,"Hibrido","Anapolis","Formado"
577,"Renato Tavares","Medicina",5,6.3,6,60,2,"Hibrido","Goiania","Ativo"
578,"Yasmin Gomes","Enfermagem",8,6.5,5.1,82,8,"Hibrido","Goiania","Concluinte"
579,"Julia Reis","Enfermagem",5,6,6.5,91,10,"Hibrido","Goiania","Formado"
580,"Julio Machado","Enfermagem",1,9.7,10,80,5,"Presencial","Brasilia","Ativo"
581,"Camila Cardoso","Fisioterapia",8,6.2,7.4,91,5,"Hibrido","Goiania","Ativo"
582,"Diego Gomes","ADS",4,9.1,5.3,91,1,"Online","Goiania","Ativo"
583,"Natalia Nascimento","Medicina",3,4.6,5.5,88,8,"Presencial","Goiania","Cancelado"
584,"Marcelo Fernandes","Fisioterapia",9,4.7,6.6,88,3,"Presencial","Aparecida de Goiania","Jubilado"
585,"Isabela Ribeiro","ADS",5,4.6,6.8,90,5,"Presencial","Anapolis","Concluinte"
586,"Paula Almeida","Medicina",2,5.8,6.9,85,7,"Online","Rio Verde","Ativo"
587,"Patricia Moura","Medicina",8,9.2,9,69,5,"Online","Goiania","Ativo"
588,"Elena Pereira","Medicina",6,5,7.8,71,6,"Hibrido","Anapolis","Ativo"
589,"Sofia Freitas","ADS",8,8.4,6.2,75,1,"Hibrido","Rio Verde","Ativo"
590,"Beatriz Mendes","ADS",10,9.1,5.9,96,2,"Online","Anapolis","Ativo"
591,"Nadia Cunha","Medicina",7,6.7,7,93,3,"Presencial","Anapolis","Ativo"
592,"Eduardo Fernandes","Fisioterapia",1,8.8,6.4,81,10,"Presencial","Brasilia","Ativo"
593,"Renato Cunha","Fisioterapia",6,7.7,6.8,72,5,"Presencial","Brasilia","Ativo"
594,"Larissa Moura","Fisioterapia",6,8.6,7.6,76,2,"Presencial","Goiania","Ativo"
595,"Eduardo Dias","Medicina",10,8.4,5.3,83,3,"Online","Anapolis","Transferido"
596,"Mateus Batista","Fisioterapia",1,3.4,7.4,79,7,"Online","Aparecida de Goiania","Ativo"
597,"Karina Barbosa","ADS",2,6.7,8.2,74,4,"Presencial","Anapolis","Trancado"
598,"Larissa Carvalho","Medicina",2,6.8,6.8,83,3,"Presencial","Brasilia","Ativo"
599,"Vitor Machado","ADS",6,8,9.8,91,2,"Presencial","Rio Verde","Ativo"
600,"Natalia Moura","Fisioterapia",3,,6.8,70,9,"Online","Goiania","Ativo"
601,"Ingrid Ribeiro","Enfermagem",6,5,7.1,57,4,"Online","Brasilia","Ativo"
602,"Camila Nascimento","Fisioterapia",3,9.6,7.1,75,8,"Presencial","Rio Verde","Formado"
603,"Julio Lopes","Fisioterapia",5,5.2,6.4,78,5,"Hibrido","Brasilia","Ativo"
604,"Rafael Ferreira","Fisioterapia",9,4.6,8.3,65,10,"Presencial","Anapolis","Ativo"
605,"Ricardo Fernandes","Enfermagem",8,10,9.8,67,6,"Hibrido","Aparecida de Goiania","Ativo"
606,"Helena Melo","Medicina",5,7.3,5.8,66,7,"Online","Rio Verde","Ativo"
607,"Vanessa Mendes","Enfermagem",2,6.4,6,72,7,"Hibrido","Anapolis","Transferido"
608,"Giovana Dias","Fisioterapia",4,3.3,6.3,44,10,"Online","Goiania","Ativo"
609,"Paula Cruz","ADS",2,6.6,6.3,85,4,"Online","Brasilia","Formado"
610,"Wagner Campos","Fisioterapia",9,7.4,5.3,49,5,"Online","Goiania","Trancado"
611,"Lucas Gomes","Enfermagem",10,4.9,3.6,82,8,"Online","Anapolis","Formado"
612,"Nicolas Almeida","Enfermagem",2,6.4,10,84,8,"Hibrido","Anapolis","Ativo"
613,"Sofia Monteiro","ADS",8,8.1,7,75,2,"Hibrido","Anapolis","Formado"
614,"Pedro Alves","Enfermagem",6,7.2,6.9,71,8,"Online","Goiania","Ativo"
615,"Yasmin Barbosa","ADS",4,6.4,5.2,55,6,"Online","Goiania","Ativo"
616,"Hugo Dias","Fisioterapia",9,6.4,8,57,8,"Presencial","Rio Verde","Formado"
617,"Diego Alves","Medicina",10,5.8,8.9,50,10,"Online","Anapolis","Ativo"
618,"Marina Tavares","Fisioterapia",1,6.5,6.7,84,7,"Presencial","Aparecida de Goiania","Ativo"
619,"Igor Azevedo","Medicina",6,7.1,6,92,1,"Hibrido","Goiania","Ativo"
620,"Renato Fernandes","Fisioterapia",1,5.2,6.1,67,5,"Presencial","Aparecida de Goiania","Ativo"
621,"Renato Lopes","Medicina",4,5.8,6.7,78,6,"Online","Aparecida de Goiania","Ativo"
622,"Fernanda Monteiro","Enfermagem",2,7.1,5.7,74,4,"Presencial","Goiania","Ativo"
623,"Daniel Martins","Medicina",3,6.4,9.3,96,2,"Online","Anapolis","Trancado"
624,"Sofia Freitas","Enfermagem",9,8.6,6.3,65,5,"Presencial","Goiania","Ativo"
625,"Bruno Rocha","Fisioterapia",7,6.2,4.1,94,10,"Hibrido","Rio Verde","Formado"
626,"Yasmin Santos","ADS",7,6.1,6.8,82,4,"Presencial","Anapolis","Ativo"
627,"Elena Barbosa","Fisioterapia",8,7.7,8.7,62,1,"Hibrido","Anapolis","Transferido"
628,"Isabela Castro","ADS",7,5.5,9.1,66,4,"Hibrido","Goiania","Ativo"
629,"Tiago Martins","Enfermagem",4,7.5,5.3,60,7,"Presencial","Brasilia","Formado"
630,"Renato Dias","Medicina",8,6.8,7.1,98,6,"Online","Goiania","Ativo"
631,"Natalia Silva","Enfermagem",1,6.6,6.9,79,6,"Presencial","Aparecida de Goiania","Ativo"
632,"Julia Melo","Medicina",6,6.5,6.9,76,1,"Presencial","Anapolis","Ativo"
633,"Joao Araujo","Medicina",1,7.5,3,69,3,"Presencial","Anapolis","Concluinte"
634,"Patricia Machado","Fisioterapia",2,7.4,7,69,5,"Online","Aparecida de Goiania","Ativo"
635,"Henrique Machado","Fisioterapia",4,7.3,8.1,66,1,"Presencial","Goiania","Ativo"
636,"Nicolas Campos","Fisioterapia",3,6.3,7,85,3,"Presencial","Aparecida de Goiania","Ativo"
637,"Camila Silva","Fisioterapia",9,6,6.6,100,2,"Hibrido","Anapolis","Trancado"
638,"Kevin Moreira","Enfermagem",1,6.8,8.7,31,6,"Presencial","Brasilia","Jubilado"
639,"Xavier Almeida","Medicina",5,8.7,4.8,96,5,"Hibrido","Goiania","Ativo"
640,"Fabio Araujo","Enfermagem",3,5.2,7.1,81,7,"Hibrido","Rio Verde","Ativo"
641,"Igor Lima","Enfermagem",6,9.3,1.9,93,1,"Presencial","Anapolis",""
642,"Ana Pires","Medicina",4,5.3,10,42,7,"Presencial","Goiania","Ativo"
643,"Nadia Farias","Enfermagem",8,6.6,4.9,95,3,"Presencial","Goiania","Ativo"
644,"Beatriz Silva","ADS",2,7.1,8.6,81,7,"Presencial","Rio Verde","Trancado"
645,"Renato Silva","Enfermagem",3,6.4,7.2,94,6,"Online","Goiania","Ativo"
646,"Camila Antunes","Medicina",3,7.7,8,84,4,"Presencial","Anapolis","Cancelado"
647,"Gabriela Batista","Medicina",2,5.6,5.1,100,5,"Online","Goiania","Ativo"
648,"Nicolas Cardoso","Medicina",8,7.1,5.3,68,4,"Presencial","Brasilia","Ativo"
649,"Patricia Alves","Enfermagem",6,9.2,7.2,70,6,"Presencial","Rio Verde","Ativo"
650,"Denise Nunes","Fisioterapia",4,7.8,6.7,94,6,"Hibrido","Aparecida de Goiania","Ativo"
651,"Otavia Nascimento","Fisioterapia",6,8.5,6.9,74,4,"Hibrido","Brasilia","Cancelado"
652,"Felipe Carvalho","Medicina",9,9.1,8,73,11,"Hibrido","Rio Verde","Trancado"
653,"Sandra Farias","Medicina",7,8.2,6,87,7,"Presencial","Anapolis","Trancado"
654,"Otavio Mendes","Enfermagem",5,8.5,8.2,76,5,"Presencial","Brasilia","Ativo"
655,"Gustavo Castro","Fisioterapia",5,8.9,5.4,68,7,"Online","Rio Verde","Ativo"
656,"Daniel Rocha","Medicina",1,7.9,6.9,87,4,"Online","Anapolis","Ativo"
657,"Denise Alves","Enfermagem",7,6.1,7.7,79,3,"Presencial","Goiania","Ativo"
658,"Rafael Dias","Medicina",10,5.9,6.4,88,8,"Online","Brasilia","Ativo"
659,"Lucas Melo","ADS",3,7.5,8.4,91,4,"Presencial","Anapolis","Ativo"
660,"Rafael Monteiro","Fisioterapia",5,8.4,2.6,72,6,"Presencial","Goiania","Ativo"
661,"Xavier Mendes","Fisioterapia",9,4.7,5.4,54,3,"Presencial","Anapolis","Ativo"
662,"Alice Cruz","Medicina",3,3.8,6.7,71,6,"Presencial","Brasilia","Trancado"
663,"Xavier Martins","Enfermagem",9,6.1,7.6,84,5,"Online","Aparecida de Goiania","Transferido"
664,"Larissa Batista","Fisioterapia",3,5.7,2.5,86,2,"Online","Goiania","Ativo"
665,"Ricardo Ramos","ADS",7,7.9,7.1,89,7,"Hibrido","Goiania","Ativo"
666,"Vanessa Oliveira","ADS",7,8.9,7.1,83,11,"Presencial","Anapolis","Ativo"
667,"Alice Antunes","Enfermagem",10,9.2,9.2,68,2,"Presencial","Anapolis","Ativo"
668,"Carla Pires","Medicina",3,5.2,8.8,85,2,"Presencial","Rio Verde","Ativo"
669,"Thiago Gomes","Fisioterapia",8,8,6.7,82,1,"Presencial","Anapolis","Ativo"
670,"Henrique Souza","ADS",6,6.2,6.6,92,6,"Hibrido","Aparecida de Goiania","Ativo"
671,"Julia Silva","Medicina",9,6.6,8.3,62,5,"Online","Anapolis","Ativo"
672,"Kevin Moreira","Enfermagem",6,6.6,6.9,67,10,"Online","Anapolis","Ativo"
673,"Eduarda Cardoso","Fisioterapia",9,5.9,6.9,87,3,"Presencial","Goiania","Trancado"
674,"Rafael Castro","ADS",10,9.3,6.6,78,6,"Presencial","Anapolis","Transferido"
675,"Breno Ferreira","Fisioterapia",7,8.9,6.1,83,1,"Online","Brasilia","Trancado"
676,"Ursula Moura","ADS",1,8.1,7.4,57,4,"Presencial","Aparecida de Goiania","Ativo"
677,"Vitor Barbosa","Medicina",7,8.2,7.6,80,1,"Online","Anapolis","Ativo"
678,"Tiago Pires","Enfermagem",1,5.2,7.5,98,8,"Presencial","Goiania","Ativo"
679,"Livia Cardoso","Medicina",2,6.5,9.8,100,5,"Presencial","Anapolis","Ativo"
680,"Julio Azevedo","Medicina",10,5,8.9,56,4,"Online","Goiania","Trancado"
681,"Wagner Araujo","ADS",5,2.8,3.7,100,7,"Hibrido","Anapolis","Ativo"
682,"Ursula Nascimento","Enfermagem",7,7.5,5.5,62,7,"Presencial","Anapolis","Ativo"
683,"Karina Silva","Medicina",5,5.5,6.9,100,6,"Presencial","Brasilia","Trancado"
684,"Eduardo Costa","Medicina",7,6.9,5.5,85,7,"Hibrido","Goiania","Ativo"
685,"Livia Moura","Enfermagem",9,3.6,6.6,69,13,"Hibrido","Goiania","Ativo"
686,"Ana Rodrigues","Enfermagem",1,3.4,7.1,98,1,"Hibrido","Goiania","Concluinte"
687,"Vitor Castro","Fisioterapia",4,6.6,7.3,87,5,"Presencial","Anapolis","Concluinte"
688,"Henrique Azevedo","ADS",2,8.7,7.4,55,10,"Presencial","Aparecida de Goiania","Ativo"
689,"Karina Tavares","Fisioterapia",8,7.9,4.4,88,3,"Online","Goiania","Cancelado"
690,"Alice Silva","Enfermagem",3,5.7,8.1,85,7,"Online","Anapolis","Trancado"
691,"Denise Tavares","Fisioterapia",4,7.2,8.4,55,2,"Presencial","Goiania","Formado"
692,"Hugo Costa","Enfermagem",10,7.3,5.3,90,3,"Hibrido","Goiania","Ativo"
693,"Larissa Mendes","ADS",6,4.8,6.6,96,6,"Hibrido","Goiania","Ativo"
694,"Renato Pereira","Fisioterapia",3,8.3,8.9,76,6,"Hibrido","Brasilia","Ativo"
695,"Ingrid Reis","Enfermagem",8,7.9,6.9,89,8,"Presencial","Anapolis","Ativo"
696,"Gustavo Vieira","ADS",6,9.3,3.6,54,2,"Presencial","Aparecida de Goiania","Trancado"
697,"Nicolas Cunha","Medicina",4,6.7,10,66,7,"Presencial","Goiania","Ativo"
698,"Xavier Machado","Enfermagem",5,7.7,5.9,87,5,"Presencial","Anapolis","Transferido"
699,"Livia Santos","Fisioterapia",2,7.6,5.6,90,6,"Presencial","Anapolis","Transferido"
700,"Marcelo Ribeiro","Fisioterapia",10,8.1,6.4,100,4,"Presencial","Anapolis","Ativo"
701,"Ricardo Campos","ADS",5,8.6,9.3,97,6,"Presencial","Brasilia","Ativo"
702,"Paula Souza","Medicina",7,6.4,8.9,69,5,"Presencial","Goiania","Formado"
703,"Hugo Ferreira","Fisioterapia",4,5.2,7.3,80,3,"Hibrido","Aparecida de Goiania","Ativo"
704,"Hugo Castro","ADS",7,6.1,3.2,68,3,"Presencial","Anapolis","Ativo"
705,"Marcelo Pinto","Medicina",2,8.9,6.9,90,4,"Online","Rio Verde","Ativo"
706,"Bruno Melo","Fisioterapia",1,4.6,4.6,76,6,"Presencial","Brasilia","Ativo"
707,"Vitor Monteiro","Fisioterapia",9,5.4,5.9,100,1,"Online","Goiania","Jubilado"
708,"Ricardo Lopes","Fisioterapia",10,4.1,6,93,4,"Presencial","Anapolis","Ativo"
709,"Daniel Mendes","Enfermagem",8,10,6.6,97,4,"Online","Goiania","Ativo"
710,"Ana Barbosa","Enfermagem",9,6.3,5.5,82,9,"Presencial","Brasilia","Ativo"
711,"Kevin Azevedo","Fisioterapia",3,9.6,4.4,79,5,"Presencial","Brasilia","Ativo"
712,"Joao Lopes","Enfermagem",6,8.6,8.3,78,2,"Hibrido","Anapolis","Formado"
713,"Helena Azevedo","Fisioterapia",9,6.9,6.8,93,1,"Hibrido","Anapolis","Cancelado"
714,"Vitor Tavares","Fisioterapia",9,10,5.5,100,5,"Online","Anapolis","Ativo"
715,"Julia Cardoso","Fisioterapia",2,5.2,5.8,59,9,"Hibrido","Brasilia","Transferido"
716,"Marcelo Pires","ADS",6,7.6,6.7,74,4,"Hibrido","Goiania","Concluinte"
717,"Otavio Nascimento","Medicina",5,5.6,7.9,67,7,"Online","Goiania","Ativo"
718,"Fernanda Barbosa","Enfermagem",7,7.4,7.5,86,8,"Presencial","Goiania","Ativo"
719,"Breno Andrade","ADS",4,5.6,6,71,7,"Hibrido","Anapolis","Ativo"
720,"Sandra Cardoso","ADS",8,9.6,7.1,68,6,"Presencial","Aparecida de Goiania","Trancado"
721,"Hugo Cardoso","Medicina",9,5.4,6.5,84,7,"Presencial","Brasilia","Transferido"
722,"Joao Melo","Enfermagem",4,6.2,6.5,83,7,"Hibrido","Aparecida de Goiania","Jubilado"
723,"Lucas Mendes","Fisioterapia",2,7.2,6.4,100,6,"Hibrido","Goiania","Ativo"
724,"Diego Cruz","Medicina",9,4.1,3.8,73,5,"Online","Anapolis","Ativo"
725,"Lucas Martins","Enfermagem",10,6.4,4.9,67,1,"Presencial","Rio Verde","Trancado"
726,"Joao Ribeiro","ADS",1,8.8,9.6,96,5,"Hibrido","Goiania","Afastado"
727,"Lucas Campos","ADS",1,6.6,6.8,79,13,"Online","Anapolis","Trancado"
728,"Nicolas Campos","ADS",4,6.8,7,76,5,"Presencial","Rio Verde","Ativo"
729,"Tiago Monteiro","ADS",1,6.7,5,47,7,"Online","Aparecida de Goiania","Ativo"
730,"Hugo Teixeira","Fisioterapia",7,8.3,6.8,79,4,"Presencial","Anapolis","Formado"
731,"Helena Rodrigues","Medicina",7,3.6,3,82,1,"Presencial","Brasilia","Ativo"
732,"Mateus Ribeiro","Medicina",10,7.5,4.9,81,9,"Hibrido","Anapolis","Ativo"
733,"Kevin Cruz","Fisioterapia",5,7.9,4.8,69,7,"Hibrido","Aparecida de Goiania","Trancado"
734,"Nadia Carvalho","Enfermagem",5,9.3,6.7,100,6,"Hibrido","Anapolis","Trancado"
735,"Joao Melo","ADS",1,6.6,4.2,87,5,"Presencial","Goiania","Ativo"
736,"Sofia Lima","Medicina",7,4.9,6.2,82,8,"Presencial","Aparecida de Goiania","Ativo"
737,"Denise Azevedo","Fisioterapia",9,10,5.9,75,1,"Hibrido","Brasilia","Ativo"
738,"Julia Pires","Fisioterapia",8,4,7.5,89,9,"Presencial","Aparecida de Goiania","Concluinte"
739,"Gabriela Alves","Enfermagem",4,10,8.7,68,6,"Hibrido","Brasilia","Ativo"
740,"Pedro Monteiro","Enfermagem",6,10,6.2,42,5,"Online","Anapolis","Ativo"
741,"Otavio Dias","Fisioterapia",4,6,6.7,85,7,"Hibrido","Anapolis","Trancado"
742,"Alice Barbosa","Enfermagem",9,7.8,8.8,89,3,"Presencial","Brasilia",""
743,"Rafael Silva","ADS",3,5.7,4.1,73,7,"Online","Goiania","Trancado"
744,"Vanessa Moura","Enfermagem",8,6.2,8.2,93,7,"Hibrido","Goiania","Ativo"
745,"Pedro Dias","Fisioterapia",2,7.8,8.3,89,2,"Presencial","Anapolis","Ativo"
746,"Julia Farias","Enfermagem",2,7.7,7.5,93,5,"Presencial","Rio Verde","Ativo"
747,"Tiago Gomes","Enfermagem",5,4.6,5.3,79,8,"Presencial","Anapolis","Ativo"
748,"Renato Farias","Medicina",5,5.6,9.6,97,2,"Online","Anapolis","Ativo"
749,"Daniel Antunes","ADS",4,7.5,10,69,5,"Hibrido","Anapolis","Concluinte"
750,"Ursula Ribeiro","Medicina",6,7.1,6.7,89,4,"Online","Anapolis","Ativo"
751,"Daniel Melo","Fisioterapia",4,3.8,6.6,68,6,"Hibrido","Anapolis","Ativo"
752,"Ursula Dias","ADS",1,5.4,6,67,8,"Presencial","Goiania","Ativo"
753,"Vanessa Rocha","Medicina",7,8,8.9,99,4,"Presencial","Anapolis","Formado"
754,"Otavio Freitas","Medicina",8,5.2,7.2,78,1,"Presencial","Anapolis","Cancelado"
755,"Sofia Azevedo","Fisioterapia",9,6.7,7.6,67,6,"Hibrido","Goiania","Formado"
756,"Lucas Ramos","Enfermagem",2,6.5,6.2,73,8,"Presencial","Anapolis","Formado"
757,"Olivia Tavares","Fisioterapia",9,8.2,8.4,82,6,"Hibrido","Goiania","Jubilado"
758,"Pedro Rocha","Enfermagem",2,7.2,7.2,91,7,"Online","Anapolis","Ativo"
759,"Alice Campos","Fisioterapia",9,5.7,5.1,83,5,"Presencial","Brasilia","Ativo"
760,"Breno Fernandes","Enfermagem",3,,7.5,55,8,"Presencial","Anapolis","Formado"
761,"Julio Azevedo","Medicina",8,6,7.5,80,1,"Presencial","Goiania","Ativo"
762,"Caio Martins","Medicina",5,6.2,9,79,4,"Online","Brasilia","Ativo"
763,"Wanda Moura","Enfermagem",6,6.1,7.4,67,6,"Presencial","Anapolis","Ativo"
764,"Natalia Melo","Fisioterapia",8,10,9.5,96,3,"Presencial","Rio Verde","Ativo"
765,"Julia Ramos","Medicina",2,15,9.8,56,2,"Hibrido","Anapolis","Ativo"
766,"Wagner Lopes","ADS",6,9.2,6.2,80,4,"Presencial","Goiania","Ativo"
767,"Wanda Silva","Enfermagem",2,6.2,5.6,86,8,"Online","Aparecida de Goiania","Ativo"
768,"Mateus Castro","Fisioterapia",4,9.3,6.9,87,6,"Presencial","Brasilia","Ativo"
769,"Daniel Pires","Medicina",10,5.9,4.2,68,6,"Presencial","Anapolis","Ativo"
770,"Gabriela Rocha","Enfermagem",1,9.2,7.3,85,4,"Hibrido","Anapolis","Ativo"
771,"Gabriela Nascimento","ADS",1,6.1,10,100,10,"Presencial","Brasilia","Cancelado"
772,"Patricia Martins","Enfermagem",2,6.6,8,72,6,"Presencial","Aparecida de Goiania","Concluinte"
773,"Carla Pires","Fisioterapia",5,9.1,5.4,84,5,"Online","Rio Verde","Ativo"
774,"Caio Tavares","Enfermagem",3,6.8,5.9,69,5,"Hibrido","Goiania","Ativo"
775,"Livia Teixeira","Fisioterapia",7,10,7.3,74,4,"Online","Anapolis","Ativo"
776,"Ana Antunes","ADS",10,7,6.8,86,4,"Online","Brasilia","Ativo"
777,"Vanessa Melo","Medicina",6,6.9,7.4,86,3,"Hibrido","Goiania","Formado"
778,"Renato Castro","Enfermagem",6,5.9,6.7,82,2,"Presencial","Goiania","Formado"
779,"Wagner Santos","ADS",7,7.2,6.9,63,3,"Presencial","Brasilia","Ativo"
780,"Patricia Cruz","Medicina",5,3.8,7.8,71,5,"Hibrido","Aparecida de Goiania","Ativo"
781,"Nadia Ramos","Medicina",6,5.7,5.4,67,9,"Online","Brasilia","Ativo"
782,"Diego Nunes","Fisioterapia",4,7.9,6.9,91,3,"Presencial","Rio Verde","Ativo"
783,"Pedro Cunha","Medicina",5,4.4,6.7,85,5,"Presencial","Aparecida de Goiania","Ativo"
784,"Lucas Moura","Enfermagem",7,6.2,4.4,88,5,"Online","Goiania","Ativo"
785,"Igor Almeida","ADS",10,5.3,10,62,6,"Presencial","Aparecida de Goiania","Trancado"
786,"Vanessa Rocha","Enfermagem",8,8.3,7.7,86,4,"Hibrido","Brasilia","Ativo"
787,"Olivia Lopes","ADS",8,5.1,8.8,96,6,"Hibrido","Anapolis","Formado"
788,"Felipe Azevedo","Fisioterapia",1,3.5,9.1,67,1,"Presencial","Aparecida de Goiania","Ativo"
789,"Felipe Melo","Medicina",8,7,7.1,91,4,"Presencial","Brasilia","Cancelado"
790,"Gabriela Ferreira","Fisioterapia",8,4,8.8,74,8,"Hibrido","Anapolis","Trancado"
791,"Kevin Cardoso","Medicina",2,7.2,6.1,56,8,"Presencial","Anapolis","Ativo"
792,"Eduarda Lima","Medicina",8,6.8,5.1,78,4,"Hibrido","Goiania","Ativo"
793,"Marcelo Azevedo","ADS",10,4.9,8,93,4,"Hibrido","Brasilia","Ativo"
794,"Gustavo Almeida","ADS",6,6.9,7.4,73,6,"Online","Anapolis","Trancado"
795,"Paula Cruz","Enfermagem",1,7.5,10,75,11,"Presencial","Goiania","Formado"
796,"Ana Nunes","Enfermagem",6,7.5,8.1,89,1,"Presencial","Goiania","Ativo"
797,"Bruno Santos","Enfermagem",7,10,4.4,72,6,"Hibrido","Anapolis","Ativo"
798,"Ricardo Monteiro","Fisioterapia",7,5.4,6.8,65,1,"Hibrido","Rio Verde","Transferido"
799,"Vanessa Oliveira","Medicina",7,6,8.2,88,7,"Online","Goiania","Ativo"
800,"Gustavo Cardoso","ADS",2,4.7,6.5,87,1,"Presencial","Anapolis","Formado"
801,"Igor Lopes","Enfermagem",10,6.2,7.2,88,6,"Presencial","Goiania","Ativo"
802,"Igor Monteiro","ADS",1,9.3,4.6,76,3,"Presencial","Anapolis","Ativo"
803,"Renato Azevedo","ADS",5,7.9,9.4,68,8,"Hibrido","Goiania","Ativo"
804,"Eduardo Castro","ADS",1,7.7,8.1,66,7,"Presencial","Goiania","Ativo"
805,"Wagner Oliveira","Enfermagem",10,5,5.4,63,9,"Presencial","Goiania","Ativo"
806,"Carla Ramos","Enfermagem",5,8.1,6.8,68,6,"Presencial","Goiania","Concluinte"
807,"Lucas Monteiro","Enfermagem",7,5.3,8.2,69,1,"Presencial","Anapolis","Ativo"
808,"Yasmin Rocha","Enfermagem",1,5.3,3.9,79,2,"Presencial","Brasilia","Ativo"
809,"Rafael Silva","Fisioterapia",9,8.9,5.8,74,8,"Online","Anapolis","Ativo"
810,"Ingrid Pires","Enfermagem",3,8.2,3.8,77,9,"Hibrido","Goiania","Ativo"
811,"Larissa Ramos","Fisioterapia",9,6.1,5,96,7,"Presencial","Aparecida de Goiania","Ativo"
812,"Sandra Ferreira","Medicina",2,10,8.7,69,5,"Presencial","Brasilia","Ativo"
813,"Renato Monteiro","Enfermagem",2,6.2,7.6,85,7,"Online","Goiania","Trancado"
814,"Alice Pires","Medicina",7,5,9.6,90,5,"Presencial","Anapolis","Ativo"
815,"Eduardo Machado","Medicina",9,6.7,9.6,64,1,"Online","Anapolis","Ativo"
816,"Sofia Lima","Fisioterapia",7,3.3,5.2,74,4,"Presencial","Rio Verde","Ativo"
817,"Karina Pires","Enfermagem",5,5.3,6.2,70,3,"Presencial","Rio Verde","Trancado"
818,"Marina Almeida","Medicina",10,5.6,9.8,69,7,"Presencial","Anapolis","Cancelado"
819,"Ricardo Teixeira","Enfermagem",3,8.6,4.2,90,3,"Presencial","Aparecida de Goiania","Ativo"
820,"Gustavo Ribeiro","Enfermagem",5,6.6,6.6,91,6,"Online","Brasilia","Trancado"
821,"Eduardo Alves","ADS",5,7.9,3.5,85,10,"Hibrido","Brasilia","Ativo"
822,"Mateus Freitas","Medicina",5,6.4,5.3,100,7,"Presencial","Aparecida de Goiania","Ativo"
823,"Julio Azevedo","Medicina",6,8,8.2,84,10,"Presencial","Brasilia","Ativo"
824,"Fernanda Dias","Enfermagem",9,8.6,8.7,93,5,"Hibrido","Brasilia","Trancado"
825,"Gustavo Ferreira","Enfermagem",5,4.1,5.7,75,1,"Hibrido","Goiania","Ativo"
826,"Wagner Oliveira","Fisioterapia",10,4.5,7.2,95,7,"Online","Anapolis","Trancado"
827,"Daniel Martins","Fisioterapia",4,9.6,8.9,98,5,"Hibrido","Rio Verde","Ativo"
828,"Fernanda Vieira","ADS",5,5,8.3,64,6,"Presencial","Brasilia","Formado"
829,"Yasmin Araujo","Enfermagem",7,7.1,5.3,83,9,"Presencial","Anapolis","Trancado"
830,"Nicolas Gomes","Medicina",6,8.8,4.4,66,8,"Presencial","Anapolis","Cancelado"
831,"Karina Rocha","ADS",6,5.6,9.1,100,4,"Hibrido","Anapolis","Transferido"
832,"Helena Cunha","Enfermagem",2,6.8,8.6,90,1,"Presencial","Brasilia","Ativo"
833,"Nicolas Pereira","Medicina",3,4.9,8.5,90,6,"Presencial","Goiania","Ativo"
834,"Bruno Nascimento","Fisioterapia",1,7,8.3,62,8,"Presencial","Brasilia","Afastado"
835,"Julia Costa","ADS",7,8.5,8.9,100,6,"Hibrido","Anapolis","Ativo"
836,"Ingrid Vieira","Enfermagem",9,6.6,8.7,73,5,"Presencial","Rio Verde","Ativo"
837,"Marina Tavares","Enfermagem",1,4.8,7.3,60,5,"Hibrido","Anapolis","Ativo"
838,"Ingrid Tavares","Enfermagem",8,6.9,,64,8,"Online","Anapolis","Cancelado"
839,"Yasmin Souza","Medicina",2,4.8,6,80,12,"Online","Anapolis","Trancado"
840,"Alice Batista","Enfermagem",1,7.5,8.9,88,1,"Online","Anapolis","Ativo"
841,"Elena Lima","Enfermagem",10,8.7,7.9,100,7,"Presencial","Anapolis","Ativo"
842,"Fabio Monteiro","ADS",7,4,8.8,38,6,"Hibrido","Goiania","Ativo"
843,"Larissa Cardoso","ADS",4,7.6,6,47,5,"Online","Goiania","Ativo"
844,"Marcelo Antunes","ADS",7,5.2,7.2,84,5,"Presencial","Brasilia","Ativo"
845,"Fabio Castro","Enfermagem",3,6.8,5.4,94,3,"Presencial","Anapolis","Ativo"
846,"Joao Ferreira","Fisioterapia",4,7.2,6.3,66,2,"Presencial","Anapolis","Ativo"
847,"Beatriz Souza","Enfermagem",8,7.9,7.2,82,1,"Online","Goiania","Ativo"
848,"Natalia Pereira","Medicina",10,5.9,7,60,6,"Online","Anapolis","Ativo"
849,"Beatriz Moura","ADS",8,7.2,6.8,63,10,"Presencial","Goiania","Trancado"
850,"Nicolas Costa","Medicina",7,5,9.9,71,1,"Presencial","Anapolis","Ativo"
851,"Gustavo Carvalho","Enfermagem",7,7.9,,56,7,"Presencial","Anapolis","Jubilado"
852,"Eduarda Campos","Enfermagem",5,6.5,7.1,67,6,"Presencial","Aparecida de Goiania","Transferido"
853,"Breno Nunes","ADS",3,5.9,7.5,78,4,"Online","Goiania","Formado"
854,"Fernanda Moreira","Enfermagem",4,4.7,7.7,91,6,"Online","Brasilia","Ativo"
855,"Ingrid Ribeiro","Enfermagem",9,10,4,94,7,"Presencial","Brasilia","Ativo"
856,"Wanda Antunes","Medicina",4,9.1,5.7,58,2,"Presencial","Anapolis","Ativo"
857,"Patricia Oliveira","Medicina",8,5.8,4.2,66,3,"Presencial","Anapolis","Concluinte"
858,"Thiago Ramos","Enfermagem",5,5.1,3.6,76,7,"Presencial","Goiania","Ativo"
859,"Paula Vieira","Medicina",9,8.4,4.1,78,3,"Presencial","Anapolis","Ativo"
860,"Wanda Silva","ADS",5,15,4.7,67,1,"Hibrido","Aparecida de Goiania","Trancado"
861,"Marina Fernandes","ADS",1,8.8,10,69,10,"Online","Anapolis","Ativo"
862,"Felipe Pereira","Fisioterapia",1,3.4,5.7,100,5,"Presencial","Brasilia","Concluinte"
863,"Sandra Gomes","Enfermagem",10,6.6,5.8,76,9,"Presencial","Anapolis","Formado"
864,"Rafael Silva","Enfermagem",5,7.6,9.3,84,6,"Presencial","Goiania","Ativo"
865,"Ingrid Barbosa","Fisioterapia",7,4.1,6.5,73,9,"Presencial","Anapolis","Formado"
866,"Denise Alves","ADS",10,6.3,5.6,79,3,"Presencial","Aparecida de Goiania","Jubilado"
867,"Joao Mendes","Enfermagem",2,7.3,6.4,73,4,"Online","Rio Verde","Ativo"
868,"Fernanda Cunha","Fisioterapia",3,9.1,7.9,89,6,"Presencial","Rio Verde","Ativo"
869,"Ursula Ferreira","Fisioterapia",3,3.5,4.4,77,4,"Online","Anapolis","Afastado"
870,"Diego Moreira","Enfermagem",6,6.5,5.6,87,4,"Online","Brasilia","Ativo"
871,"Eduarda Pinto","Enfermagem",9,7.6,6.8,92,8,"Presencial","Anapolis","Ativo"
872,"Denise Farias","Medicina",8,4.3,7.9,73,6,"Hibrido","Aparecida de Goiania","Ativo"
873,"Olivia Azevedo","Medicina",3,4.4,6,88,6,"Presencial","Anapolis","Ativo"
874,"Otavia Farias","Enfermagem",6,7.4,8.4,84,5,"Hibrido","Anapolis","Ativo"
875,"Caio Rocha","ADS",2,6,7.3,71,5,"Presencial","Brasilia","Ativo"
876,"Larissa Antunes","Fisioterapia",10,9.9,8.1,91,3,"Presencial","Anapolis","Ativo"
877,"Carla Ramos","Medicina",5,6.5,4.6,59,11,"Hibrido","Rio Verde","Ativo"
878,"Isabela Alves","Medicina",5,8.9,5.9,70,9,"Hibrido","Brasilia","Concluinte"
879,"Fernanda Freitas","Fisioterapia",10,8,7.2,86,4,"Online","Goiania","Ativo"
880,"Ingrid Monteiro","Enfermagem",8,4.4,6.3,88,11,"Presencial","Brasilia","Transferido"
881,"Vanessa Vieira","Enfermagem",10,6.3,8.4,91,9,"Online","Aparecida de Goiania","Ativo"
882,"Fabio Reis","Medicina",7,6.9,4.1,100,5,"Presencial","Anapolis","Ativo"
883,"Vanessa Tavares","Fisioterapia",5,6.9,7.9,100,8,"Online","Aparecida de Goiania","Ativo"
884,"Mateus Costa","Fisioterapia",7,7.5,6.6,82,5,"Online","Brasilia","Ativo"
885,"Joao Ribeiro","ADS",3,6,6.5,81,12,"Online","Anapolis","Ativo"
886,"Ursula Pinto","Medicina",1,8.3,3.4,96,10,"Hibrido","Rio Verde","Ativo"
887,"Gabriela Lopes","Medicina",7,10,7.5,100,2,"Online","Goiania","Ativo"
888,"Patricia Reis","Medicina",6,8.8,9.3,75,6,"Hibrido","Anapolis","Ativo"
889,"Eduardo Nunes","Fisioterapia",10,6.7,6.3,85,3,"Presencial","Anapolis","Formado"
890,"Larissa Silva","ADS",7,5.3,6.8,84,5,"Online","Anapolis","Ativo"
891,"Wagner Araujo","Medicina",6,6.1,9.6,93,13,"Online","Anapolis","Ativo"
892,"Julia Machado","Medicina",2,3,5.5,67,4,"Online","Anapolis","Ativo"
893,"Paula Silva","ADS",9,5,9.3,71,5,"Presencial","Anapolis","Trancado"
894,"Helena Lima","Fisioterapia",8,7.5,8.9,102,6,"Presencial","Aparecida de Goiania","Jubilado"
895,"Karina Carvalho","Enfermagem",3,7.4,7.9,73,7,"Presencial","Anapolis","Ativo"
896,"Tiago Ramos","Enfermagem",3,7.7,7.7,75,7,"Hibrido","Goiania","Ativo"
897,"Julia Reis","ADS",4,7.1,9,96,12,"Presencial","Rio Verde","Jubilado"
898,"Kevin Castro","Fisioterapia",6,3.1,5.6,52,7,"Online","Brasilia","Trancado"
899,"Helena Santos","Enfermagem",4,4.5,6.7,65,6,"Presencial","Anapolis","Ativo"
900,"Livia Castro","Enfermagem",9,5.5,6.1,89,2,"Online","Anapolis","Ativo"
901,"Patricia Almeida","ADS",10,7.7,7.5,81,8,"Online","Brasilia","Trancado"
902,"Wagner Gomes","Fisioterapia",7,5.8,7.6,79,12,"Presencial","Aparecida de Goiania","Ativo"
903,"Olivia Nunes","Fisioterapia",6,8.5,8.6,69,1,"Hibrido","Aparecida de Goiania","Ativo"
904,"Eduarda Campos","Enfermagem",2,6.2,4.4,87,3,"Hibrido","Goiania","Transferido"
905,"Wagner Dias","Fisioterapia",3,8.3,6.6,79,1,"Online","Brasilia","Ativo"
906,"Julia Almeida","Enfermagem",5,7.1,8.9,88,7,"Hibrido","Aparecida de Goiania","Ativo"
907,"Beatriz Pinto","ADS",5,10,3.8,83,7,"Presencial","Goiania","Ativo"
908,"Caio Melo","Fisioterapia",9,8,3.2,55,5,"Hibrido","Brasilia","Ativo"
909,"Tiago Santos","Medicina",6,2.2,5.1,61,6,"Hibrido","Anapolis","Ativo"
910,"Otavio Castro","Fisioterapia",6,6,6.1,56,2,"Hibrido","Goiania","Ativo"
911,"Thiago Tavares","ADS",2,10,4.5,83,1,"Online","Anapolis","Ativo"
912,"Otavio Cruz","Enfermagem",2,5.7,5.9,54,5,"Presencial","Goiania","Ativo"
913,"Igor Lopes","Fisioterapia",6,7.3,10,75,3,"Hibrido","Aparecida de Goiania","Ativo"
914,"Bruno Nunes","Medicina",7,4.8,8.3,69,3,"Presencial","Brasilia","Ativo"
915,"Julia Batista","ADS",8,6.4,4.9,82,2,"Presencial","Brasilia","Jubilado"
916,"Tiago Rodrigues","Fisioterapia",3,4.9,4.9,82,5,"Hibrido","Goiania","Ativo"
917,"Fernanda Nascimento","Enfermagem",4,3.6,8.1,80,5,"Hibrido","Goiania","Ativo"
918,"Ingrid Cunha","Fisioterapia",3,6.1,4.9,65,5,"Presencial","Brasilia","Cancelado"
919,"Eduarda Antunes","Medicina",10,7.5,6.8,66,2,"Hibrido","Goiania","Ativo"
920,"Pedro Moura","ADS",6,6.6,4.7,83,5,"Online","Goiania","Formado"
921,"Nadia Barbosa","Enfermagem",2,6.2,4.5,70,9,"Presencial","Brasilia","Ativo"
922,"Diego Tavares","Medicina",6,8.5,6.5,66,5,"Presencial","Aparecida de Goiania","Trancado"
923,"Isabela Ribeiro","ADS",2,7.3,9.3,83,3,"Presencial","Anapolis","Jubilado"
924,"Otavia Campos","Enfermagem",7,8.8,9,92,6,"Hibrido","Goiania","Cancelado"
925,"Helena Silva","Enfermagem",8,6.2,8.4,100,6,"Online","Anapolis","Ativo"
926,"Otavio Farias","ADS",1,7.4,8.8,86,4,"Online","Aparecida de Goiania","Ativo"
927,"Henrique Batista","Fisioterapia",2,5.6,5.3,87,4,"Presencial","Rio Verde","Ativo"
928,"Gustavo Rodrigues","Medicina",3,8,7,82,4,"Presencial","Anapolis","Ativo"
929,"Mateus Cardoso","Fisioterapia",7,4.7,8.6,63,10,"Presencial","Goiania","Ativo"
930,"Caio Batista","Medicina",6,8.4,5.9,60,4,"Online","Rio Verde","Cancelado"
931,"Lucas Barbosa","Enfermagem",1,6.6,10,67,5,"Presencial","Brasilia","Formado"
932,"Larissa Melo","Enfermagem",3,5.9,9.3,84,2,"Hibrido","Anapolis","Ativo"
933,"Felipe Monteiro","ADS",3,7.4,6.2,73,6,"Hibrido","Brasilia","Transferido"
934,"Yasmin Rodrigues","ADS",6,8.1,8.8,66,1,"Hibrido","Aparecida de Goiania","Ativo"
935,"Patricia Antunes","ADS",10,8.5,3,82,14,"Hibrido","Goiania","Ativo"
936,"Sofia Castro","Medicina",1,6,3.3,91,8,"Online","Brasilia","Ativo"
937,"Paula Araujo","Enfermagem",1,7,6.2,74,7,"Online","Brasilia","Afastado"
938,"Otavio Lopes","Fisioterapia",5,10,6.1,77,4,"Presencial","Anapolis","Ativo"
939,"Breno Monteiro","Medicina",10,7.5,6.1,90,5,"Presencial","Brasilia","Ativo"
940,"Breno Azevedo","ADS",8,3.5,5.5,69,3,"Presencial","Aparecida de Goiania","Ativo"
941,"Isabela Pinto","Fisioterapia",7,8.2,9,83,3,"Hibrido","Anapolis","Ativo"
942,"Elena Santos","Enfermagem",10,7.7,7.4,93,10,"Hibrido","Anapolis","Ativo"
943,"Mateus Souza","Medicina",1,5.3,5.7,90,9,"Hibrido","Goiania","Ativo"
944,"Camila Melo","Fisioterapia",8,4.6,5.1,100,4,"Hibrido","Goiania","Trancado"
945,"Diego Cruz","Fisioterapia",10,6.4,7.2,95,2,"Hibrido","Goiania","Transferido"
946,"Eduarda Vieira","ADS",9,9.5,8.7,65,12,"Presencial","Goiania","Ativo"
947,"Eduardo Azevedo","ADS",10,8.7,6,69,3,"Presencial","Goiania","Cancelado"
948,"Helena Nunes","Medicina",2,2.4,8.2,85,4,"Presencial","Goiania","Ativo"
949,"Hugo Ribeiro","Medicina",9,7.3,8.9,71,3,"Hibrido","Anapolis","Ativo"
950,"Felipe Cruz","Enfermagem",9,6.2,8.4,100,4,"Hibrido","Brasilia","Ativo"
951,"Denise Melo","Fisioterapia",5,7.9,7.8,75,9,"Presencial","Rio Verde","Ativo"
952,"Nicolas Fernandes","Medicina",3,5.8,6.4,89,5,"Hibrido","Brasilia","Trancado"
953,"Paula Farias","Medicina",4,8.9,3.3,93,7,"Online","Brasilia","Jubilado"
954,"Wagner Machado","Enfermagem",4,9.2,3.7,87,8,"Online","Anapolis","Ativo"
955,"Ricardo Melo","Medicina",6,6.4,7.7,73,9,"Presencial","Goiania","Ativo"
956,"Larissa Vieira","Fisioterapia",3,6.8,4.4,100,7,"Online","Brasilia","Cancelado"
957,"Vanessa Pires","ADS",8,7.3,3.8,85,4,"Hibrido","Goiania","Formado"
958,"Vitor Monteiro","ADS",1,5.9,8.5,88,5,"Online","Goiania","Jubilado"
959,"Carla Lopes","Medicina",9,10,5.6,92,8,"Hibrido","Anapolis","Ativo"
960,"Ana Lima","Enfermagem",1,4.7,8.8,80,7,"Presencial","Brasilia","Jubilado"
961,"Diego Campos","Enfermagem",2,8.1,5.9,90,4,"Presencial","Goiania","Ativo"
962,"Ursula Vieira","Medicina",9,6,8.3,86,10,"Presencial","Aparecida de Goiania","Jubilado"
963,"Marcelo Rocha","Enfermagem",3,7.4,6.5,90,6,"Hibrido","Aparecida de Goiania","Formado"
964,"Otavia Melo","ADS",2,5.1,6.6,54,3,"Hibrido","Aparecida de Goiania","Formado"
965,"Bruno Nunes","Medicina",9,9.2,7.9,102,1,"Online","Anapolis","Ativo"
966,"Nadia Rocha","Enfermagem",4,4.9,6.5,87,9,"Online","Anapolis","Ativo"
967,"Julia Lima","Fisioterapia",3,5.9,9.3,86,5,"Presencial","Anapolis","Ativo"
968,"Bruno Gomes","Enfermagem",9,9.3,5.6,87,4,"Presencial","Goiania","Ativo"
969,"Sofia Almeida","Enfermagem",4,6,9.5,71,3,"Hibrido","Goiania","Ativo"
970,"Pedro Lima","Enfermagem",6,3.3,4.5,56,10,"Presencial","Brasilia","Concluinte"
971,"Pedro Almeida","Medicina",2,7.6,5.7,74,7,"Presencial","Goiania","Ativo"
972,"Xavier Ramos","Enfermagem",8,6.4,7.9,80,5,"Hibrido","Anapolis","Ativo"
973,"Renato Ferreira","Medicina",7,10,6.6,97,4,"Online","Aparecida de Goiania","Trancado"
974,"Lucas Pereira","Enfermagem",4,7.9,4.8,80,5,"Online","Anapolis","Ativo"
975,"Eduarda Dias","Enfermagem",7,5.2,7.8,99,9,"Presencial","Goiania","Formado"
976,"Otavia Ribeiro","Enfermagem",8,8.2,6.4,59,7,"Hibrido","Anapolis","Formado"
977,"Diego Andrade","Fisioterapia",1,8.5,8.6,97,13,"Presencial","Anapolis","Ativo"
978,"Tiago Lopes","Fisioterapia",4,4.2,8.5,56,4,"Hibrido","Anapolis","Ativo"
979,"Breno Pereira","Fisioterapia",2,5.1,7,88,4,"Online","Rio Verde","Transferido"
980,"Lucas Rocha","Medicina",8,7.3,6.6,86,5,"Hibrido","Rio Verde","Ativo"
981,"Pedro Alves","ADS",10,7.7,6.3,62,9,"Presencial","Brasilia","Ativo"
982,"Beatriz Santos","ADS",6,7.7,4.5,64,5,"Presencial","Brasilia","Ativo"
983,"Sofia Araujo","ADS",9,4.8,6.6,38,6,"Presencial","Anapolis","Ativo"
984,"Larissa Barbosa","Medicina",9,8.8,7,63,12,"Online","Anapolis","Ativo"
985,"Sandra Cruz","Enfermagem",10,8.1,5.3,67,2,"Presencial","Anapolis","Ativo"
986,"Fabio Fernandes","Enfermagem",4,5.8,9.7,74,3,"Online","Goiania","Ativo"
987,"Julio Almeida","Medicina",4,3.2,6,76,2,"Hibrido","Anapolis","Ativo"
988,"Lucas Cardoso","ADS",7,8.5,9,100,7,"Hibrido","Goiania","Jubilado"
989,"Nadia Pires","ADS",5,3.5,6.7,90,4,"Online","Goiania","Ativo"
990,"Giovana Pereira","Enfermagem",7,6.4,7.4,83,5,"Presencial","Anapolis","Ativo"
991,"Olivia Rodrigues","Enfermagem",2,6.2,9.1,78,9,"Hibrido","Aparecida de Goiania","Formado"
992,"Renato Fernandes","Fisioterapia",4,4.8,7.7,71,6,"Presencial","Anapolis","Trancado"
993,"Nadia Dias","Medicina",6,9.2,10,90,6,"Hibrido","Anapolis","Ativo"
994,"Helena Moura","Enfermagem",6,7.6,6.7,73,10,"Hibrido","Anapolis","Ativo"
995,"Vitor Pires","Fisioterapia",2,5.2,7.9,62,6,"Hibrido","Brasilia","Jubilado"
996,"Olivia Melo","ADS",3,6.3,6.2,98,8,"Presencial","Brasilia","Formado"
997,"Ricardo Farias","Medicina",3,6.6,7.8,79,1,"Hibrido","Brasilia","Transferido"
998,"Pedro Castro","Fisioterapia",9,8.1,7.4,77,8,"Hibrido","Brasilia","Formado"
999,"Wagner Gomes","Enfermagem",8,7,5.9,74,3,"Presencial","Brasilia","Afastado"
1000,"Otavio Santos","Enfermagem",9,6.5,6.7,72,3,"Presencial","Aparecida de Goiania","Ativo"
